"Id","BioDataId","OtherDetailsId","AcademicQualificationId","NextOfKinId","ReferenceId","Iagree","ProgramChoiceId","ProgramSetupId","DegreeId","LevelId","ApplicationDocument1ID","ApplicationDocument2ID","ApplicationDocument3ID","ApplicationDocument4ID","ApplicationDocument5ID","ApplicationDocument6ID","ApplicationDocument7ID","UserId","InstitutionProviderId","SessionId","FormRefNo","ApplicationPaymentReference","ApplicantStage","ApprovedCourse","DecisionComment","Decision","DecisionDate","FinalisedCourse","FinalisedDecision","FinalisedComment","FinalDecisionDate","FinalizedUserId","DecisionMakerUserId","CreatedDate","UpdatedDate","BTHConversionCategory","BTHCenter"
1,48,47,39,46,55,1,,7,2,1,222,,223,224,225,226,227,"7f1d64ad-2627-4cb6-9f61-3eece1818095",,13,ACU20240001,dd1d7eff6fa34dedbfea856446941d92,5,,Qualified,Recommended,"2024-07-08 15:07:12.979868",Nursing,Admitted,,"2024-07-23 18:41:24.465686","224f1516-0444-47d2-ab99-39817c7165a4",a6e746a3-8650-4f85-b8e5-8f9e1df295fd,"2024-05-28 06:11:45.745718","2024-05-28 06:11:45.745720",0,
2,1,1,1,1,1,0,,,2,,15,,,,,,,c6924a48-d3e0-4710-a76d-ca81f2328f86,,13,ACU20240002,d237e96d571c4c929821299954574941,2,,,,,,,,,,,"2024-05-28 08:47:17.912838","2024-05-28 08:47:17.912838",0,
3,7,5,6,6,39,1,,9,2,1,154,,,153,155,156,157,a25198a8-ee8b-4e62-b0c3-74aaba080752,,13,ACU20240003,"6b7abba858a54593bd2971fbc677c8f6",5,,Qualified,Recommended,"2024-07-08 15:08:49.171592",Communication and Media Studies,Admitted,,"2024-07-23 12:21:50.796205","224f1516-0444-47d2-ab99-39817c7165a4",a6e746a3-8650-4f85-b8e5-8f9e1df295fd,"2024-05-28 14:14:49.435510","2024-05-28 14:14:49.435511",0,
4,163,182,162,178,149,1,,,2,,,,1182,1183,1184,1185,1186,"7d16aa8c-37c5-44d9-9fb0-4462201e8b8b",,13,ACU20240004,"100028fe477f4148bdc04820bca92c05",4,Guidance and Counseling,On presentation of O'level result,Recommended,"2024-07-29 09:09:46.368873",,,,,,a6e746a3-8650-4f85-b8e5-8f9e1df295fd,"2024-05-28 19:24:26.103044","2024-05-28 19:24:26.103044",0,
5,2,2,2,2,2,1,,,2,,,,,,441,442,443,"317ada19-62fc-4cb6-8bdf-d8d2103ead38",,13,ACU20240005,"0fd721493f5b4f2ca9a89fd2f9851ccf",3,,,,,,,,,,,"2024-05-29 06:29:46.109301","2024-05-29 06:29:46.109301",0,
6,3,3,3,3,3,0,,,2,,36,,,,,,,"14692341-e48d-49f4-9482-45330420d95a",,13,ACU20240006,"394bd26560bd459a9081b1e78f9da2b0",2,,,,,,,,,,,"2024-05-29 07:16:16.149226","2024-05-29 07:16:16.149227",0,
7,4,,4,4,4,0,,,2,,23,,,,,,,bdafbad5-8477-4965-907a-e7904cf7f788,,13,ACU20240007,"7c80e61a75ad4477810e3f583e9286f8",2,,,,,,,,,,,"2024-05-29 14:39:55.003088","2024-05-29 14:39:55.003089",0,
8,5,6,7,7,,1,,,2,,,,,61,,,,"8e925189-09c7-4b6a-875a-5327fec93d74",,13,ACU20240008,"53f7fbcb803e455ea8655525463c0adc",3,,,,,,,,,,,"2024-05-29 16:02:59.371563","2024-05-29 16:02:59.371563",0,
9,6,4,5,5,5,1,,43,2,1,39,,,40,41,42,43,"3afed494-b15e-46a7-8247-fceead969b6f",,13,ACU20240009,"94b831a166b74a32adb9c302d0a485db",5,,Qualified,Recommended,"2024-07-08 15:13:50.526413",Surveying and Geoinformatics,Admitted,,"2024-07-23 18:56:55.716529","224f1516-0444-47d2-ab99-39817c7165a4",a6e746a3-8650-4f85-b8e5-8f9e1df295fd,"2024-05-31 05:48:39.327823","2024-05-31 05:48:39.327824",0,
10,8,34,29,33,24,1,,6,2,1,94,,95,90,91,92,93,"2e5598b6-6f48-43ee-9758-0bded9b6c931",,13,ACU20240010,"5b7fa1271b8b4ce2a6a132894393b4ed",5,,qualified,Recommended,"2024-07-08 15:16:10.677939",Medical Laboratory Science,Admitted,,"2024-07-23 18:59:29.808775","224f1516-0444-47d2-ab99-39817c7165a4",a6e746a3-8650-4f85-b8e5-8f9e1df295fd,"2024-06-01 09:49:22.653163","2024-06-01 09:49:22.653163",0,
11,9,7,8,8,7,1,,,2,,,,46,,47,48,51,"630be43e-a1f6-42c3-ab71-b2964096c98b",,13,ACU20240011,a1ad699686b44942adfbbd235787baca,3,,,,,,,,,,,"2024-06-03 09:33:05.833609","2024-06-03 09:33:05.833610",0,
12,42,41,35,40,48,1,,,2,,,,,539,540,541,,b5473112-54d9-4546-842c-5f9dde69018c,,13,ACU20240012,"01eda570206442fb959ed6aac7a0be99",3,,,,,,,,,,,"2024-06-03 09:48:06.614021","2024-06-03 09:48:06.614021",0,
13,40,39,34,38,47,1,,,2,,,,,,171,,,e714bc55-e0c2-4b5b-bafc-9842ff27a309,,13,ACU20240013,"2304aa4773204ac49036029cfbdab5d5",3,,,,,,,,,,,"2024-06-03 09:48:31.024863","2024-06-03 09:48:31.024863",0,
14,72,70,261,69,133,1,,,2,,527,528,,525,,,526,d4459090-60ca-45db-91f5-1cf464ef8b28,,13,ACU20240014,"5f8f8125150048ea8b03cdfb4c8e7d93",3,,,,,,,,,,,"2024-06-03 11:10:39.533726","2024-06-03 11:10:39.533726",0,
15,10,8,9,9,6,1,,6,2,1,,,,50,,,,"09a997d0-ff89-4cd7-bba5-c0282da1115a",,13,ACU20240015,"2447c1cf3df8488883db498392cf3371",5,,qualified,Recommended,"2024-07-10 08:45:18.645604",Medical Laboratory Science,Admitted,,"2024-07-23 19:00:49.471046","224f1516-0444-47d2-ab99-39817c7165a4",a6e746a3-8650-4f85-b8e5-8f9e1df295fd,"2024-06-03 11:11:53.631771","2024-06-03 11:11:53.631771",0,
16,61,59,54,58,56,1,,31,2,1,,,1226,,,,,aafaae75-59b6-423f-ae0c-233b8b3c0079,,13,ACU20240016,"392b55a67b3d4dc7befe2ab963b3b39e",5,Computer Science,qualified,Recommended,"2024-07-26 15:02:27.388764",Computer Science,Admitted,,"2024-07-29 10:25:28.719169","224f1516-0444-47d2-ab99-39817c7165a4",a6e746a3-8650-4f85-b8e5-8f9e1df295fd,"2024-06-03 13:22:26.223322","2024-06-03 13:22:26.223322",0,
17,33,31,28,30,63,1,,,2,,,,,,,,,"38033f1e-aa83-4b87-814b-544f0800af92",,13,ACU20240017,"881ff61c086046f6b801b81df3eb6acc",3,,,,,,,,,,,"2024-06-04 09:17:11.537473","2024-06-04 09:17:11.537473",0,
19,11,9,23,10,19,1,,,2,,,,158,159,,,,"767fc912-b67f-4738-be35-af13640dcc5a",,13,ACU20240019,"15e5dcb4d95d4393aedca810ed1ee345",3,,,,,,,,,,,"2024-06-04 10:36:24.177194","2024-06-04 10:36:24.177194",0,
20,12,10,10,11,9,1,,,2,,66,,67,68,69,70,71,"7219507b-859b-47b1-a2c1-fb500f111401",,13,ACU20240020,"9ab626990e7f4fe8b5361ac6f2e6a050",4,Law,,Recommended,"2024-07-23 10:16:56.619858",,,,,,a6e746a3-8650-4f85-b8e5-8f9e1df295fd,"2024-06-04 10:40:10.930019","2024-06-04 10:40:10.930020",0,
21,13,11,11,12,8,1,,,2,,456,457,,458,574,575,576,"21849675-8a83-4f07-86e9-edf5997d2955",,13,ACU20240021,ceb4c08333964516bd1d1a8be5f53ff2,2,,,,,,,,,,,"2024-06-05 06:05:43.354668","2024-06-05 06:05:43.354669",0,
22,14,12,12,13,10,1,,,2,,62,63,65,64,,,,"6a219a04-681d-4801-bc29-9735284e9fc2",,13,ACU20240022,"88be9d761c7746f58c0edc53596b5348",3,,,,,,,,,,,"2024-06-05 18:53:04.205857","2024-06-05 18:53:04.205858",0,
23,16,14,13,,11,1,,7,2,1,,,,,,,,e477c884-8f3f-4541-9005-78a34d24fa25,,13,ACU20240023,d1ff3367055340639e33ac551b2effcf,5,,qualified,Recommended,"2024-07-16 12:06:38.292747",Nursing,Admitted,,"2024-07-29 14:10:57.065508","224f1516-0444-47d2-ab99-39817c7165a4",a6e746a3-8650-4f85-b8e5-8f9e1df295fd,"2024-06-06 15:35:01.145614","2024-06-06 15:35:01.145615",0,
24,15,13,197,14,182,1,,,2,,791,792,797,793,794,795,796,"667f9654-b390-42a2-a9c4-5811a1a15ab8",,13,ACU20240024,"69812b63fbf24a249bf1bd1308f5a650",3,,,,,,,,,,,"2024-06-06 15:37:35.713955","2024-06-06 15:37:35.713955",0,
25,17,15,20,15,17,1,,16,2,2,120,,245,248,249,250,251,c94228cd-ac60-4029-937a-bcdb1f4d0a0f,,13,ACU20240025,"2aaee8d8880d44b4b9c00ac0d098858a",5,,,Recommended,"2024-07-22 16:17:01.825177",Civil Engineering,Admitted,,"2024-07-23 19:03:56.344441","224f1516-0444-47d2-ab99-39817c7165a4",a6e746a3-8650-4f85-b8e5-8f9e1df295fd,"2024-06-06 16:14:49.975389","2024-06-06 16:14:49.975390",0,
26,18,16,15,17,16,1,,,2,,,,,,,,,"4695cfde-85ec-45b6-91e9-eefb3ec7f5be",,13,ACU20240026,c20e7119f3b2440bb3eddb9768848899,3,,,,,,,,,,,"2024-06-06 17:22:52.043570","2024-06-06 17:22:52.043570",0,
27,19,17,14,16,12,1,,7,2,1,72,,,73,,,,c089a317-e8af-497e-ac09-269aa041dc8e,,13,ACU20240027,a717084e84354b64839114d877dd298c,5,,qualified,Recommended,"2024-07-16 12:08:34.917564",Nursing,Admitted,,"2024-07-27 13:44:03.934346","224f1516-0444-47d2-ab99-39817c7165a4",a6e746a3-8650-4f85-b8e5-8f9e1df295fd,"2024-06-06 18:00:55.293994","2024-06-06 18:00:55.293994",0,
28,20,18,16,18,13,1,,19,2,1,,,74,,,,,"67127ab8-e695-4bb5-9ac7-d698a1655db3",,13,ACU20240028,da249391b4fe41f38643d1e6b49d1162,5,,qualfied,Recommended,"2024-07-16 12:09:45.546551",Mechanical Engineering,Admitted,,"2024-07-29 14:12:21.650248","224f1516-0444-47d2-ab99-39817c7165a4",a6e746a3-8650-4f85-b8e5-8f9e1df295fd,"2024-06-06 19:34:07.027871","2024-06-06 19:34:07.027871",0,
29,22,20,18,20,14,1,,6,2,1,75,,77,76,78,,,"8987531d-ac68-4604-8ac2-ee237c6d8987",,13,ACU20240029,"998b0a9a31724e9e9786a05f5d04646d",5,,qualified,Recommended,"2024-07-25 10:59:00.872629",Medical Laboratory Science,Admitted,,"2024-07-29 18:20:49.553073","224f1516-0444-47d2-ab99-39817c7165a4",a6e746a3-8650-4f85-b8e5-8f9e1df295fd,"2024-06-06 19:55:16.447714","2024-06-06 19:55:16.447714",0,
30,,,243,,218,0,,,2,,1016,,1015,,,,,"403472d3-357d-4fc2-9f41-e7438b67a272",,13,ACU20240030,"35936ad1b2ad46d0adcf5bfa45b10141",2,,,,,,,,,,,"2024-06-07 09:41:11.760839","2024-06-07 09:41:11.760840",0,
31,28,26,76,25,,0,,,2,,,,,85,,,,cfcf5348-a215-4508-adb1-c2319e3d76e6,,13,ACU20240031,fcf6f8c10e3c47f493a831161d69c5d8,2,,,,,,,,,,,"2024-06-07 12:29:52.581742","2024-06-07 12:29:52.581742",0,
32,21,19,17,19,83,1,,,2,,,,,,,,,"58413bf2-9015-4801-aa11-c12f6590d53d",,13,ACU20240032,"2ffe6447e0cb4752997cd5307bf4a382",3,,,,,,,,,,,"2024-06-07 12:40:54.247521","2024-06-07 12:40:54.247521",0,
33,23,21,19,21,15,1,,17,2,1,79,,80,81,82,,,"005d1dbb-c8eb-4a12-a2b7-b3ccc2571efc",,13,ACU20240033,"3c783c923ef84d64a442085ee872b3b0",5,,,Recommended,"2024-07-22 16:19:03.573164",Computer Engineering,Admitted,,"2024-07-29 14:13:52.125903","224f1516-0444-47d2-ab99-39817c7165a4",a6e746a3-8650-4f85-b8e5-8f9e1df295fd,"2024-06-07 18:57:49.565781","2024-06-07 18:57:49.565781",0,
34,25,23,21,23,35,0,,6,2,1,83,,132,,,,,c05ce336-25d9-422e-9cd3-0e70a5b93d00,,13,ACU20240034,c4dd6eb62ea942259d19700240036d16,5,,,Recommended,"2024-07-22 16:19:55.842463",Medical Laboratory Science,Admitted,,"2024-07-29 14:16:01.410392","224f1516-0444-47d2-ab99-39817c7165a4",a6e746a3-8650-4f85-b8e5-8f9e1df295fd,"2024-06-07 21:48:32.686177","2024-06-07 21:48:32.686178",0,
35,24,22,,22,,0,,,2,,,,,,,,,"2ac03480-4d44-4844-9bd0-92371b34d59d",,13,ACU20240035,a1b6c4dabb5a4488821b2a171e73ff28,2,,,,,,,,,,,"2024-06-08 08:48:05.252102","2024-06-08 08:48:05.252102",0,
36,26,24,22,24,18,1,,,2,,959,,,963,960,961,962,"86b8f414-488d-4965-8f8b-256b5f1a3321",,13,ACU20240036,ab1a87bfff8a47dea5468953e5cc05cc,3,,,,,,,,,,,"2024-06-08 10:22:01.156893","2024-06-08 10:22:01.156894",0,
37,29,27,84,26,74,1,,,2,,,,,,,,,e9d8607d-cf0f-4a45-9d86-faff6fe96cde,,13,ACU20240037,a9b570a1971343d3810e86b027e6659a,3,,,,,,,,,,,"2024-06-09 09:47:27.872363","2024-06-09 09:47:27.872363",0,
38,27,25,151,165,209,1,,,2,,,,,,,,,c6d3d2a0-df7a-4793-8227-bbea17339dbc,,13,ACU20240038,ecf7a9ddd1ad4991ae7be6e8e45ecbb2,3,,,,,,,,,,,"2024-06-09 13:32:39.425900","2024-06-09 13:32:39.425901",0,
39,30,28,24,27,20,1,,,2,,,,,1129,,,,ba43809a-19b2-4216-b089-59df76b496be,,13,ACU20240039,"6c2ae93790e647c0a99cdd1af2d5d86d",3,,,,,,,,,,,"2024-06-10 08:57:26.736833","2024-06-10 08:57:26.736833",0,
40,51,50,41,49,33,1,,,2,,,,,124,,,,"0b635aa8-49d2-452e-9b03-aca30a5722ca",,13,ACU20240040,"9b4dd0da731d4e0fab6b6b90b1aa001e",3,,,,,,,,,,,"2024-06-10 09:25:42.844418","2024-06-10 09:25:42.844419",0,
41,31,29,25,28,21,1,,9,2,1,88,,,89,,,,"486bdd59-9fc9-4841-8414-04102aeab9dc",,13,ACU20240041,d9a2f1e2afb14fa1ad71cc603f2270f2,5,,qualified,Recommended,"2024-07-16 12:14:30.469962",Communication and Media Studies,Admitted,,"2024-07-27 12:09:30.556668","224f1516-0444-47d2-ab99-39817c7165a4",a6e746a3-8650-4f85-b8e5-8f9e1df295fd,"2024-06-10 10:10:07.137832","2024-06-10 10:10:07.137832",0,
42,32,30,26,29,22,1,,7,2,1,1117,,1119,1121,1122,,,f82a43d3-6b12-45e5-93d0-dd9a637fd2ec,,13,ACU20240042,bccd574aebe94b1e864af7a29f01a946,5,Nursing,qualified,Recommended,"2024-07-26 15:11:58.538224",Nursing,Admitted,,"2024-07-27 11:51:33.399614","224f1516-0444-47d2-ab99-39817c7165a4",a6e746a3-8650-4f85-b8e5-8f9e1df295fd,"2024-06-10 10:39:06.148965","2024-06-10 10:39:06.148965",0,
43,34,32,27,31,23,1,,,2,,,,,381,,382,,"8d792cda-0106-4f2c-b427-375f5bd304f2",,13,ACU20240043,"1908232825ca44acbee85f6e86e9e1e6",3,,,,,,,,,,,"2024-06-10 11:41:18.789885","2024-06-10 11:41:18.789885",0,
44,35,33,44,32,30,1,,,2,,,,125,,127,,126,"6e4ff98a-b500-4e1d-aee4-8108ba2a0e0d",,13,ACU20240044,"0e7c1b545ca4481bb8131dac87affd4f",3,,,,,,,,,,,"2024-06-10 11:42:26.283152","2024-06-10 11:42:26.283152",0,
45,233,235,228,233,207,1,,,2,,1281,1282,,1280,,,,"89f9f927-ed97-4815-8037-f5dbbb4db984",,13,ACU20240045,a2dba783904f4c52832dee2481ad12bf,2,,,,,,,,,,,"2024-06-10 15:48:33.776193","2024-06-10 15:48:33.776193",0,
46,36,35,30,34,53,1,,7,2,1,187,,188,186,184,185,,"2747df3c-9df6-47a2-8d65-8447653917de",,13,ACU20240046,"6841dd23d9164247b1674e5b6ae58cab",5,,,Recommended,"2024-07-18 10:55:55.239018",Nursing,Admitted,,"2024-07-27 12:05:00.439296","224f1516-0444-47d2-ab99-39817c7165a4",a6e746a3-8650-4f85-b8e5-8f9e1df295fd,"2024-06-10 17:05:09.550475","2024-06-10 17:05:09.550476",0,
47,37,36,32,35,25,1,,,2,,173,174,175,176,177,178,179,"47ee0ee5-71ff-410d-90b4-feabb868bf9a",,13,ACU20240047,"56909d62c6b7467fa35fa9631b10f03c",3,,,,,,,,,,,"2024-06-11 03:41:48.124214","2024-06-11 03:41:48.124215",0,
48,38,37,31,36,26,1,,,2,,,,,96,,,,"67ed8e14-bdea-4050-b69b-96c6ba0c82a0",,13,ACU20240048,c1cae2941dd74ebd85cc26dfc90018a1,3,,,,,,,,,,,"2024-06-11 07:37:42.868202","2024-06-11 07:37:42.868203",0,
49,39,38,33,37,27,1,,26,2,1,212,,260,214,259,252,213,cc55fb30-5adc-4141-a8a0-3c3624081712,,13,ACU20240049,ca30bdb2e48f442bb9032dc3f023ecd6,5,Law,Qualified,Recommended,"2024-07-29 09:33:02.448931",Law,Admitted,,"2024-07-29 14:05:49.588203","224f1516-0444-47d2-ab99-39817c7165a4",a6e746a3-8650-4f85-b8e5-8f9e1df295fd,"2024-06-11 08:49:02.799728","2024-06-11 08:49:02.799728",0,
50,43,42,37,41,29,1,,,2,,118,,101,119,121,122,123,a8c7d0f2-9768-431a-b302-2077a237d882,,13,ACU20240050,"19a1d32d627f485e84f954c6eb6b3ea7",3,,,,,,,,,,,"2024-06-11 09:34:10.180896","2024-06-11 09:34:10.180896",0,
51,41,40,36,39,28,1,,22,2,1,105,,109,108,106,104,107,"102f96f8-334f-441e-8b4a-afb840ff4775",,13,ACU20240051,"14cd4526379a49cda16c68c2a288b3d0",5,,,Recommended,"2024-07-18 10:44:49.587955",English,Admitted,,"2024-07-27 12:05:48.136386","224f1516-0444-47d2-ab99-39817c7165a4",a6e746a3-8650-4f85-b8e5-8f9e1df295fd,"2024-06-11 09:39:09.194283","2024-06-11 09:39:09.194284",0,
52,44,43,46,42,38,1,,7,2,1,270,,269,,272,271,,"597b7690-432a-48ad-a66d-4280b6bda200",,13,ACU20240052,"4e963e0a06f9421f9e81c74b0a056b4a",5,,qualified,Recommended,"2024-07-16 12:17:43.487028",Nursing,Admitted,,"2024-07-27 13:40:57.227952","224f1516-0444-47d2-ab99-39817c7165a4",a6e746a3-8650-4f85-b8e5-8f9e1df295fd,"2024-06-11 10:05:14.321340","2024-06-11 10:05:14.321340",0,
53,45,44,38,43,31,1,,6,2,2,113,,,114,115,116,117,"114aac65-4ea5-4997-9d5a-2699aa88423f",,13,ACU20240053,eab9adaad60b4854a82e49b96cfa6290,5,,Qualified,Recommended,"2024-07-16 12:18:51.703118",Medical Laboratory Science,Admitted,,"2024-07-27 12:10:13.918490","224f1516-0444-47d2-ab99-39817c7165a4",a6e746a3-8650-4f85-b8e5-8f9e1df295fd,"2024-06-11 10:18:05.633089","2024-06-11 10:18:05.633089",0,
54,46,45,61,44,,1,,,2,,936,,937,938,939,940,941,f518ea87-b072-476e-97d6-cbc128872393,,13,ACU20240054,eb755f9c4b464727a9231f3ed317bd01,3,,,,,,,,,,,"2024-06-11 11:12:59.377623","2024-06-11 11:12:59.377623",0,
55,53,52,43,51,37,1,,,2,,,,,239,238,,240,a706fdf5-faf5-4036-98fe-258be64deeec,,13,ACU20240055,"6edc72219e1345598d4182dcf6c5670e",3,,,,,,,,,,,"2024-06-11 13:04:34.175256","2024-06-11 13:04:34.175256",0,
56,47,46,45,45,36,1,,,2,,,,,452,,453,454,"8497bc5d-fdcc-4ced-9d91-c480450b0637",,13,ACU20240056,"9664a176ed834a43adb8a98390555607",3,,,,,,,,,,,"2024-06-11 14:42:47.298152","2024-06-11 14:42:47.298152",0,
57,49,48,40,47,32,1,,,2,,,,773,768,765,767,,e84c2352-15b6-4a56-b99b-a15d57f1cfad,,13,ACU20240057,"6581b2f18abd4c91a642d7515686db01",3,,,,,,,,,,,"2024-06-11 14:56:39.459946","2024-06-11 14:56:39.459946",0,
58,54,53,50,52,50,0,,,2,,532,,531,,,,,"14ed514c-9162-48ac-8ebb-f92c0fdd4ce6",,13,ACU20240058,"23742c283d8b40aba096bea6ebff07a9",2,,,,,,,,,,,"2024-06-11 15:15:29.158220","2024-06-11 15:15:29.158220",0,
59,50,49,47,48,,1,,7,2,1,,,,,,,,a23dc56d-c15c-4931-b554-f233b37bde08,,13,ACU20240059,"94fd5fc2597c472693f461f3eab7799e",5,,,Recommended,"2024-07-16 12:20:35.790429",Nursing,Admitted,,"2024-07-27 12:12:32.660817","224f1516-0444-47d2-ab99-39817c7165a4",a6e746a3-8650-4f85-b8e5-8f9e1df295fd,"2024-06-11 18:43:39.898073","2024-06-11 18:43:39.898073",0,
60,52,51,42,50,34,1,,7,2,1,,,,,,,,"94708dd7-b741-4800-9760-877e7da9e4b9",,13,ACU20240060,da79ce1197dd4f8685925e594812e09d,5,,,Recommended,"2024-07-18 10:42:30.408424",Nursing,Admitted,,"2024-07-27 12:13:30.398029","224f1516-0444-47d2-ab99-39817c7165a4",a6e746a3-8650-4f85-b8e5-8f9e1df295fd,"2024-06-12 07:21:39.568074","2024-06-12 07:21:39.568075",0,
61,55,55,49,54,41,1,,,2,,,,,182,180,183,181,f808dc32-0909-4304-8711-145a419a3729,,13,ACU20240061,"308655b3f6174066aad55238d672ee33",3,,,,,,,,,,,"2024-06-13 11:21:08.520279","2024-06-13 11:21:08.520280",0,
62,57,90,80,88,71,1,,7,2,1,264,,265,266,267,,,ec1906cf-5aa4-4e61-a9de-da87bbf3da74,,13,ACU20240062,c38e164cd5574db8a5cb8cfa0ff430d5,5,,,Recommended,"2024-07-18 10:39:04.465248",Nursing,Admitted,,"2024-07-27 12:18:48.901931","224f1516-0444-47d2-ab99-39817c7165a4",a6e746a3-8650-4f85-b8e5-8f9e1df295fd,"2024-06-13 11:46:00.797947","2024-06-13 11:46:00.797947",0,
63,56,54,48,53,40,0,,,2,,160,,,,,,,"7fa43e64-28df-4352-93e8-4d51d1cfd86b",,13,ACU20240063,d227c5f17e794ba7bd412fadce6788a1,2,,,,,,,,,,,"2024-06-13 11:59:24.060335","2024-06-13 11:59:24.060335",0,
64,58,56,51,55,42,1,,,2,,,,,,,,,a0a5401f-9105-4903-bb82-515218a8a0ae,,13,ACU20240064,"966834b526bc43a9a453ab252cfc9df6",3,,,,,,,,,,,"2024-06-13 13:00:07.274083","2024-06-13 13:00:07.274083",0,
65,60,58,53,57,43,1,,25,10,2,,,,,,,,"38e61fdc-7343-49c5-abe9-47b380a1ce66",,13,ACU20240065,"6ec3d889ad1746a9b97bc062c04313eb",5,,,,,Religious Studies,Admitted,,"2024-07-29 19:18:35.076183","19769069-65bf-411a-b2bf-9da379a47e91",,"2024-06-13 14:12:22.152694","2024-06-13 14:12:22.152694",1,"Immanuel College of Theology and Christian Education,Samonda,Ibadan"
66,59,57,52,56,44,0,,,10,,170,,,169,,,,"6b51c173-2b5c-4792-af71-03db079995a3",,13,ACU20240066,f5ff1e880af54dffb646dcad91792fa9,2,,,,,,,,,,,"2024-06-13 14:15:04.436249","2024-06-13 14:15:04.436249",0,
67,62,60,55,59,,1,,42,2,1,736,,737,741,738,739,740,"798d871f-a89b-4d4f-a0c3-797ded0c817b",,13,ACU20240067,cdc04ef8de4349eeb076424dad4a34a8,5,,,Recommended,"2024-07-16 12:24:41.327939",Peace Studies and Conflict Resolution,Admitted,,"2024-07-29 18:20:15.377777","224f1516-0444-47d2-ab99-39817c7165a4",a6e746a3-8650-4f85-b8e5-8f9e1df295fd,"2024-06-13 20:19:41.322495","2024-06-13 20:19:41.322496",0,
68,63,61,56,60,45,1,,7,2,1,287,,,288,289,,,"8e793160-92cc-4d8e-bfb1-3360176de7ff",,13,ACU20240068,"4e6a25eed5f74e779f35ba9c1a88cc2e",5,,,Recommended,"2024-07-18 10:33:57.295761",Nursing,Admitted,,"2024-07-27 13:41:48.617001","224f1516-0444-47d2-ab99-39817c7165a4",a6e746a3-8650-4f85-b8e5-8f9e1df295fd,"2024-06-13 20:35:21.505481","2024-06-13 20:35:21.505481",0,
69,64,62,210,61,190,1,,25,10,2,,,,820,,,,db3fba44-1ad4-49bc-905b-639c1dcdb3c5,,13,ACU20240069,"3115396c07904f488ce9ad7a4a699d92",5,Religious Studies,,Recommended,"2024-07-23 14:01:39.063954",Religious Studies,Admitted,,"2024-07-29 13:19:13.455438","19769069-65bf-411a-b2bf-9da379a47e91",a6e746a3-8650-4f85-b8e5-8f9e1df295fd,"2024-06-14 06:27:34.594606","2024-06-14 06:27:34.594606",0,
70,65,63,57,62,46,1,,25,10,2,,,,,,,,"99c59b9a-f59a-4107-8429-208d89c7b2e6",,13,ACU20240070,"4d72b50ca13949c59ff1b1abb7af12a3",5,Religious Studies,,Recommended,"2024-07-12 07:21:35.010203",Religious Studies,Admitted,,"2024-07-12 09:42:44.663999","19769069-65bf-411a-b2bf-9da379a47e91","06f6fb9c-8702-463a-b3c0-919eccf32347","2024-06-14 09:08:26.686624","2024-06-14 09:08:26.686625",2,
71,66,64,62,63,49,1,,25,10,2,,,,199,,,,"436f4292-3d4a-45a2-b7c3-f948379edb23",,13,ACU20240071,"7167985df4764f1c8b85552b8e8fbb7b",5,Religious Studies,CRK AND ENGLISH CONFIRMED ,Recommended,"2024-07-12 07:23:58.498328",Religious Studies,Admitted,,"2024-07-12 09:48:39.584321","19769069-65bf-411a-b2bf-9da379a47e91","06f6fb9c-8702-463a-b3c0-919eccf32347","2024-06-14 10:38:21.844106","2024-06-14 10:38:21.844106",2,
72,67,65,59,64,51,1,,,2,,,,299,303,300,301,302,"8bc6316e-cd36-4e41-966d-2d011fffc16c",,13,ACU20240072,"6dd06cd7866646f9b79fffe7bb649bf8",3,,,,,,,,,,,"2024-06-14 12:39:26.007367","2024-06-14 12:39:26.007368",0,
73,68,66,58,65,121,1,,,2,,1109,,1110,1111,1112,1113,1114,"8cbc01ac-3661-4c53-ba0a-01795e4d291e",,13,ACU20240073,c03c358da78d445db4b942ba105a5c16,3,,,,,,,,,,,"2024-06-14 15:08:33.815537","2024-06-14 15:08:33.815537",0,
74,217,218,235,216,219,1,,,2,,1152,,1153,,1154,1155,1156,ed686db5-5330-4c8e-a8cd-06bd8d114bf3,,13,ACU20240074,"42eaa25a1fa243aba549b369eb312474",3,,,,,,,,,,,"2024-06-14 16:58:02.197078","2024-06-14 16:58:02.197078",0,
75,69,67,60,66,52,1,,25,10,1,,,,,198,196,197,"3222327c-6d52-4b7f-86d4-094e21a3758e",,13,ACU20240075,"37120e24035d4e35ac2f60121f2263fd",5,Religious Studies,CRK AND ENGLISH CONFIRMED ,Recommended,"2024-07-12 07:25:18.147477",Religious Studies,Admitted,,"2024-07-12 09:49:34.450543","19769069-65bf-411a-b2bf-9da379a47e91","06f6fb9c-8702-463a-b3c0-919eccf32347","2024-06-14 19:16:10.069821","2024-06-14 19:16:10.069821",0,
76,70,68,63,67,54,1,,31,2,1,201,,202,203,,,,"09b47b05-c03a-407f-99e2-d5b8c91a099b",,13,ACU20240076,"1795704115384694b0872a7c5c1c3955",5,,qualified,Recommended,"2024-07-16 12:28:12.758751",Computer Science,Admitted,,"2024-07-29 07:47:06.707433","224f1516-0444-47d2-ab99-39817c7165a4",a6e746a3-8650-4f85-b8e5-8f9e1df295fd,"2024-06-15 12:17:24.024842","2024-06-15 12:17:24.024842",0,
77,71,69,123,68,,1,,25,10,2,372,420,,373,,,,b9cc78ca-6b0c-432b-a8d9-b76a68266cf4,,13,ACU20240077,"588822e84a824971b54784bd18f14d11",5,Religious Studies,,Recommended,"2024-07-23 07:26:43.576547",Religious Studies,Admitted,,"2024-07-23 07:27:55.026441","19769069-65bf-411a-b2bf-9da379a47e91","8b752162-f831-49f8-a951-39b7789ac371","2024-06-15 16:07:43.241480","2024-06-15 16:07:43.241480",0,
78,73,71,78,70,128,0,,,2,,,,519,520,521,522,523,e4afb12e-15ce-401c-9b6c-198efb6fb1ea,,13,ACU20240078,"5c6de99f4f734684940ab190c62f8818",2,,,,,,,,,,,"2024-06-16 13:03:55.921482","2024-06-16 13:03:55.921483",0,
79,74,75,64,74,57,1,,,2,,1017,,1018,,1008,1009,1006,"6f53afff-8d7f-482b-8879-21ce580ad8b9",,13,ACU20240079,a26a9a9ec0fe4969b717b917e7650aab,3,,,,,,,,,,,"2024-06-16 17:11:43.260801","2024-06-16 17:11:43.260802",0,
80,75,73,179,72,,0,,,2,,,,,,,,,"167abe39-2154-4e0d-b476-c77e4779dfe1",,13,ACU20240080,"69bf95b39bde4e4ab955e3fcc5a186e9",2,,,,,,,,,,,"2024-06-16 17:46:18.792216","2024-06-16 17:46:18.792216",0,
81,76,72,69,71,,0,,,10,,,,,,,,,"6a673d09-709f-494d-9d8c-43b334c9509f",,13,ACU20240081,"9232692651024da0a9147153cfb67754",2,,,,,,,,,,,"2024-06-16 17:59:26.722305","2024-06-16 17:59:26.722306",0,
82,77,74,105,73,98,1,,25,10,2,,,,,,,,"9af8ad4b-3b63-4e40-a682-ab1b238cf1ee",,13,ACU20240082,f053dad1232e4bad990f8d416988944d,5,Religious Studies,CRK AND ENGLISH CONFIRMED ,Recommended,"2024-07-12 07:26:21.434007",Religious Studies,Admitted,,"2024-07-12 09:52:02.902318","19769069-65bf-411a-b2bf-9da379a47e91","06f6fb9c-8702-463a-b3c0-919eccf32347","2024-06-16 18:07:57.901238","2024-06-16 18:07:57.901238",2,
83,78,76,65,75,58,1,,31,2,1,,,204,,206,205,208,c946660b-ddac-4a8c-925d-7a540f81ef2b,,13,ACU20240083,fecc8213a66d4efcaa96f6620df2bafb,5,,qualified,Recommended,"2024-07-16 12:30:25.372184",Computer Science,Admitted,,"2024-07-29 18:19:48.494434","224f1516-0444-47d2-ab99-39817c7165a4",a6e746a3-8650-4f85-b8e5-8f9e1df295fd,"2024-06-17 06:17:26.763940","2024-06-17 06:17:26.763940",0,
84,79,77,66,76,59,1,,25,10,2,779,780,781,,,,,"9d28d9fb-6f1d-4bf4-a42d-ecd8bbd1d4ae",,13,ACU20240084,"82f340d11c864a9ca8137e09fb2b36ad",5,Religious Studies,,Recommended,"2024-07-17 14:58:31.371915",Religious Studies,Admitted,,"2024-07-17 16:02:23.071926","19769069-65bf-411a-b2bf-9da379a47e91","8b752162-f831-49f8-a951-39b7789ac371","2024-06-17 11:23:15.890887","2024-06-17 11:23:15.890887",0,
85,80,78,67,77,60,1,,,2,,,,,210,,,,c9b36ad5-bdc6-4eeb-96de-ec129d2498e1,,13,ACU20240085,"34df39e9174944e9a0ae7cbc57877b1a",3,,,,,,,,,,,"2024-06-17 11:54:42.485780","2024-06-17 11:54:42.485781",0,
86,81,79,68,78,61,1,,25,10,2,,,,,,,,"9e17efb7-a59d-4c21-8e2c-f5663b87afda",,13,ACU20240086,fcf5908d36e84b6e9ead49089222a6bc,5,Religious Studies,CRK AND ENGLISH CONFIRMED ,Recommended,"2024-07-12 07:34:15.340775",Religious Studies,Admitted,,"2024-07-18 07:58:54.503485","19769069-65bf-411a-b2bf-9da379a47e91","06f6fb9c-8702-463a-b3c0-919eccf32347","2024-06-17 16:31:03.255292","2024-06-17 16:31:03.255292",0,
87,82,80,70,79,62,1,,25,10,1,,,,,,,,eb0afc7b-d017-40fb-a5bf-03c568dcd83d,,13,ACU20240087,"65aac2c87bac46059e29dffc63aeb69c",5,Religious Studies,CRK AND ENGLISH CONFIRMED ,Recommended,"2024-07-12 07:41:12.640233",Religious Studies,Admitted,,"2024-07-12 09:45:14.943675","19769069-65bf-411a-b2bf-9da379a47e91","06f6fb9c-8702-463a-b3c0-919eccf32347","2024-06-18 08:04:47.247721","2024-06-18 08:04:47.247721",0,
88,83,81,71,80,64,1,,,2,,232,,234,233,228,229,230,e2e13741-46d2-4013-ab93-f03f14eaca2e,,13,ACU20240088,"9a89e2d5e5964b53b461f9b078372e49",3,,,,,,,,,,,"2024-06-18 15:17:13.424476","2024-06-18 15:17:13.424476",0,
89,84,82,74,81,66,1,,25,10,2,,,,,,,,"1c2ffcf1-4bf9-4443-a800-378779950da2",,13,ACU20240089,faf84ff784b341d0877d677d6abe3207,5,Religious Studies,,Recommended,"2024-07-19 06:57:36.584223",Religious Studies,Admitted,,"2024-07-19 07:00:16.760434","19769069-65bf-411a-b2bf-9da379a47e91","8b752162-f831-49f8-a951-39b7789ac371","2024-06-18 16:08:16.220708","2024-06-18 16:08:16.220708",0,
90,85,83,72,82,65,1,,25,10,2,,,242,243,,,,eed690ca-6074-465e-b6cb-6029a39ba2d6,,13,ACU20240090,"9b84560c0d214f96b3e2a4f1d28fbe68",5,Religious Studies,CRK AND ENGLISH CONFIRMED ,Recommended,"2024-07-12 07:39:13.619860",Religious Studies,Admitted,,"2024-07-12 13:02:01.668134","19769069-65bf-411a-b2bf-9da379a47e91","06f6fb9c-8702-463a-b3c0-919eccf32347","2024-06-18 20:59:40.648789","2024-06-18 20:59:40.648789",2,
91,86,84,73,83,69,1,,,2,,1216,,,1236,1233,1234,1235,"62bf7bc4-9fb3-48ae-b2a4-aa205717df74",,13,ACU20240091,"3858b3a8f95f408085fca2d00e4371a3",3,,,,,,,,,,,"2024-06-19 09:55:01.753836","2024-06-19 09:55:01.753837",0,
92,87,85,75,84,67,1,,25,10,1,,,,,,,,"06528a09-6922-4470-9ddb-d8ab7493a1ce",,13,ACU20240092,"3f75ddc8966643a6884b6ea84b8a83ce",5,Religious Studies,,Recommended,"2024-07-15 10:26:55.658620",Religious Studies,Admitted,Qualified ,"2024-07-16 09:49:08.987133","19769069-65bf-411a-b2bf-9da379a47e91","8b752162-f831-49f8-a951-39b7789ac371","2024-06-19 13:10:49.786916","2024-06-19 13:10:49.786916",0,
93,88,86,77,85,68,1,,25,10,1,827,828,,829,825,830,831,"18ca43d8-82bf-444a-8f4c-4898573628b0",,13,ACU20240093,"5beec9e4a2394313a69333ae0e73146c",5,Religious Studies,,Recommended,"2024-07-17 14:58:56.430624",Religious Studies,Admitted,,"2024-07-17 16:03:58.989004","19769069-65bf-411a-b2bf-9da379a47e91","8b752162-f831-49f8-a951-39b7789ac371","2024-06-19 15:47:02.175691","2024-06-19 15:47:02.175691",2,"Bethel Institute of Biblical Studies,Gbongan"
94,101,100,90,98,80,1,,7,2,1,398,399,400,401,402,403,404,"713674b0-12c7-4e10-9a99-34bc9f83a37f",,13,ACU20240094,"25fd6559f0fd449389ae7686be710182",5,,,Recommended,"2024-07-18 10:26:02.900611",Nursing,Admitted,,"2024-07-29 18:19:08.625957","224f1516-0444-47d2-ab99-39817c7165a4",a6e746a3-8650-4f85-b8e5-8f9e1df295fd,"2024-06-19 19:21:37.440785","2024-06-19 19:21:37.440785",0,
95,89,87,85,86,75,1,,25,10,1,,,,,,,,"076c2c61-1e9b-4583-8f12-5e0459c002ad",,13,ACU20240095,"92dd5053269242b98c4d55759514b5d7",5,Religious Studies,CRK AND ENGLISH CONFIRMED ,Recommended,"2024-07-12 07:29:42.629153",Religious Studies,Admitted,,"2024-07-12 13:02:54.707527","19769069-65bf-411a-b2bf-9da379a47e91","06f6fb9c-8702-463a-b3c0-919eccf32347","2024-06-19 23:06:09.393460","2024-06-19 23:06:09.393460",0,
96,90,88,79,87,70,1,,,2,,,,,280,275,278,279,"723e2337-e872-4eeb-8251-411dfa438e86",,13,ACU20240096,"82eadfb0aae04286b58adb9b07a615a9",3,,,,,,,,,,,"2024-06-20 12:03:46.622630","2024-06-20 12:03:46.622630",0,
97,91,89,81,89,72,1,,,2,,,,638,642,639,640,641,b711801d-7aed-460e-adbe-1c3e32a7427f,,13,ACU20240097,"520a0714295444d2a67a54c48baa664d",3,,,,,,,,,,,"2024-06-20 15:26:55.340314","2024-06-20 15:26:55.340314",0,
98,92,91,82,,,1,,9,2,1,274,,,,,,,"6d9d1da0-5ed7-4ca7-9c15-f1b5491e6cc3",,13,ACU20240098,bb6ac5f006c14113bb189c56a2880ec4,5,,qualified,Recommended,"2024-07-16 12:33:19.093447",Communication and Media Studies,Admitted,,"2024-07-29 18:18:39.820673","224f1516-0444-47d2-ab99-39817c7165a4",a6e746a3-8650-4f85-b8e5-8f9e1df295fd,"2024-06-21 01:48:44.358090","2024-06-21 01:48:44.358090",0,
99,94,93,218,91,193,1,,25,10,2,872,,,,873,,,"285a94ae-5b77-4113-8200-2e9cc851614e",,13,ACU20240099,"31eae00a45b9485c822d923eb1260485",5,Religious Studies,,Recommended,"2024-07-19 10:40:37.771239",Religious Studies,Admitted,,"2024-07-19 10:41:10.135155","19769069-65bf-411a-b2bf-9da379a47e91","8b752162-f831-49f8-a951-39b7789ac371","2024-06-21 05:35:05.422961","2024-06-21 05:35:05.422962",0,
100,93,92,83,90,73,1,,,2,,281,,282,,283,,,c65c3f62-13b5-4eae-b1c3-eb8c2b7a60d0,,13,ACU20240100,"08f3c8e62ba14de6a2bb001245865394",3,,,,,,,,,,,"2024-06-21 06:17:28.703999","2024-06-21 06:17:28.703999",0,
101,135,135,119,132,109,0,,,2,,,,,,,,,fb837f61-c76f-4c87-bd67-95a2527924fa,,13,ACU20240101,b8fec5e56ad64aa8b1d2ff1d81fc1799,2,,,,,,,,,,,"2024-06-21 08:54:47.525002","2024-06-21 08:54:47.525003",0,
102,95,94,107,92,99,1,,25,10,1,,,,,,,,b28f2cb8-6859-4729-b014-39b02c0c9a0f,,13,ACU20240102,e3de98a8d49e425cbf444cc71ba2f2da,5,Religious Studies,CRK AND ENGLISH CONFIRMED ,Recommended,"2024-07-12 07:27:36.250322",Religious Studies,Admitted,,"2024-07-12 13:24:05.473921","19769069-65bf-411a-b2bf-9da379a47e91","06f6fb9c-8702-463a-b3c0-919eccf32347","2024-06-21 12:24:13.806824","2024-06-21 12:24:13.806824",2,
103,98,97,97,95,86,1,,25,10,2,,359,,365,363,364,,"31d6ecff-7cf1-45c7-a2b5-b5a1c1b5f5b0",,13,ACU20240103,e20132f7b587413e8dbb92615fcf4e75,5,Religious Studies,CRK AND ENGLISH CONFIRMED ,Recommended,"2024-07-12 07:27:12.588108",Religious Studies,Admitted,,"2024-07-12 13:25:48.187710","19769069-65bf-411a-b2bf-9da379a47e91","06f6fb9c-8702-463a-b3c0-919eccf32347","2024-06-21 15:50:46.884578","2024-06-21 15:50:46.884578",0,
104,96,95,86,93,76,0,,,2,,292,,,293,,,,"8c33e75b-a213-4c62-a407-4edc38aaa118",,13,ACU20240104,ff370485b4c2479a9250f3c964b5f97d,2,,,,,,,,,,,"2024-06-22 11:38:06.798930","2024-06-22 11:38:06.798931",0,
105,97,96,245,94,79,1,,25,10,2,,,,,,,,"0bee030b-f2f9-461a-a3a4-0387ea54b5cc",,13,ACU20240105,d35b1d0cf5604c26a1d1cc5a1178e144,5,Religious Studies,,Recommended,"2024-07-23 10:20:21.926646",Religious Studies,Admitted,,"2024-07-25 11:44:21.418849","19769069-65bf-411a-b2bf-9da379a47e91","8b752162-f831-49f8-a951-39b7789ac371","2024-06-22 14:18:34.576192","2024-06-22 14:18:34.576192",2,
106,99,98,87,96,77,1,,,2,,294,,,295,,,,b09b9c99-97ed-48fd-9efb-a1f12c11446c,,13,ACU20240106,"123f0afc04814bcab39f75dd7d45b694",3,,,,,,,,,,,"2024-06-22 17:07:29.907775","2024-06-22 17:07:29.907775",0,
107,100,99,88,97,78,1,,22,2,1,304,,305,306,307,308,309,c4e151db-71d0-4e53-bd46-4a66489cc11a,,13,ACU20240107,d7099df2f08b430388b32209d64bc305,5,,,Recommended,"2024-07-16 12:35:21.893178",English,Admitted,,"2024-07-29 18:17:13.889515","224f1516-0444-47d2-ab99-39817c7165a4",a6e746a3-8650-4f85-b8e5-8f9e1df295fd,"2024-06-22 18:09:55.352712","2024-06-22 18:09:55.352712",0,
108,103,103,165,101,152,1,,25,10,1,,,,721,610,,720,a47ef15a-2567-488e-b78a-2ea6a2557697,,13,ACU20240108,"7b39586574c449409ca9b905a6cdaa5c",5,Religious Studies,,Recommended,"2024-07-15 10:26:31.998152",Religious Studies,Admitted,,"2024-07-16 09:48:28.005457","19769069-65bf-411a-b2bf-9da379a47e91","8b752162-f831-49f8-a951-39b7789ac371","2024-06-23 13:00:08.957915","2024-06-23 13:00:08.957916",0,
109,102,101,89,99,107,0,,,2,,,,,,,,,"0c95c2c4-f3b4-4ae0-aeb5-0358df825bc2",,13,ACU20240109,"62d9325a7181478f8011ffdb8972b509",2,,,,,,,,,,,"2024-06-23 15:39:36.155920","2024-06-23 15:39:36.155920",0,
110,104,102,125,100,125,1,,25,10,1,798,,,799,,800,801,"95ed7bdd-a16c-49ab-b91b-4cf0d65e815a",,13,ACU20240110,"57748fb440424cd4bb685f016ab3ed2a",5,Religious Studies,,Recommended,"2024-07-17 15:01:03.335823",Religious Studies,Admitted,,"2024-07-17 16:04:43.889315","19769069-65bf-411a-b2bf-9da379a47e91","8b752162-f831-49f8-a951-39b7789ac371","2024-06-23 20:21:49.313354","2024-06-23 20:21:49.313354",1,"Immanuel College of Theology and Christian Education,Samonda,Ibadan"
111,105,104,91,102,,0,,,2,,,,,,,,,"8a4f70e7-539c-4dce-acf2-d478cd9edc88",,13,ACU20240111,"09fadc903343471da49e72be6e21c51f",2,,,,,,,,,,,"2024-06-23 20:47:41.695659","2024-06-23 20:47:41.695659",0,
112,106,105,92,103,91,1,,31,2,1,344,,,345,346,347,348,cfca7a4c-5b6c-4c24-b2e4-a12f0d6f7cbb,,13,ACU20240112,aec77e47a2294ceca053e3ea179af0c7,5,,,Recommended,"2024-07-16 12:36:20.054023",Computer Science,Admitted,,"2024-07-27 12:16:11.258702","224f1516-0444-47d2-ab99-39817c7165a4",a6e746a3-8650-4f85-b8e5-8f9e1df295fd,"2024-06-24 08:58:54.670147","2024-06-24 08:58:54.670148",0,
113,107,106,93,104,81,1,,25,10,2,,,,315,316,318,,fa457e9f-a9de-4d96-9064-ed7624ed6bb3,,13,ACU20240113,cc68cc1443654820a9166424cd8852bd,5,Religious Studies,CRK AND ENGLISH CONFIRMED ,Recommended,"2024-07-12 07:36:49.591844",Religious Studies,Admitted,,"2024-07-12 13:26:32.154493","19769069-65bf-411a-b2bf-9da379a47e91","06f6fb9c-8702-463a-b3c0-919eccf32347","2024-06-24 09:33:07.114736","2024-06-24 09:33:07.114737",0,
114,108,107,94,105,82,0,,,2,,,328,,326,327,329,325,aa4fa229-5515-4ca8-aaf3-a571cf92d72d,,13,ACU20240114,"9093c8dbb96f4d77aef4d84599efd26b",3,,,,,,,,,,,"2024-06-24 10:04:50.538736","2024-06-24 10:04:50.538737",0,
115,109,108,95,106,84,1,,,2,,330,,331,332,333,334,335,b1e864a5-6140-4d89-8138-df9af459951b,,13,ACU20240115,"674c41b09f934096a5b6aea8204f2294",3,,,,,,,,,,,"2024-06-24 12:10:27.091738","2024-06-24 12:10:27.091739",0,
116,110,109,188,107,171,1,,25,10,2,,,,728,730,731,732,d72dff83-c4a8-4370-9944-151223a263a4,,13,ACU20240116,"7df64d0357aa43fd94cf96ba88bb5565",5,Religious Studies,CRK AND ENGLISH CONFIRMED,Recommended,"2024-07-16 05:49:49.189341",Religious Studies,Admitted,Qualified ,"2024-07-16 09:45:19.829934","19769069-65bf-411a-b2bf-9da379a47e91","8b752162-f831-49f8-a951-39b7789ac371","2024-06-24 12:44:06.873717","2024-06-24 12:44:06.873718",0,
117,111,110,103,108,,1,,25,10,2,,,,355,,,,"29553264-4b81-4970-a01f-666a80c6451d",,13,ACU20240117,efa4125426194f19ade20bd71dcd0aa6,5,Religious Studies,CRK AND ENGLISH CONFIRMED ,Recommended,"2024-07-12 07:36:07.551753",Religious Studies,Admitted,,"2024-07-12 13:27:26.742080","19769069-65bf-411a-b2bf-9da379a47e91","06f6fb9c-8702-463a-b3c0-919eccf32347","2024-06-24 12:47:36.825268","2024-06-24 12:47:36.825268",1,"Ezekiel College of Theology,Ekpoma"
118,112,111,225,109,85,1,,25,10,2,,888,,,889,890,891,"28df5ff9-1050-415a-af1c-522e1c6459d9",,13,ACU20240118,f7e4f469a0e34921b19b9e5ec12558d8,5,Religious Studies,,Recommended,"2024-07-19 06:58:04.462938",Religious Studies,Admitted,,"2024-07-19 07:00:36.532989","19769069-65bf-411a-b2bf-9da379a47e91","8b752162-f831-49f8-a951-39b7789ac371","2024-06-24 15:24:23.889607","2024-06-24 15:24:23.889608",0,
119,113,112,96,110,87,1,,,2,,,,,,,,,bf928ed9-1484-45a3-9b08-0fdcc0dad80b,,13,ACU20240119,"2546338b465f4c578001236fd60bc27e",3,,,,,,,,,,,"2024-06-24 15:48:19.614923","2024-06-24 15:48:19.614923",0,
120,117,116,102,114,94,1,,25,10,2,,,,356,,,,b09bc67d-1dfa-44d0-aecf-e397d39684a2,,13,ACU20240120,"455bc2608d6543cba37a2d08579821b4",5,Religious Studies,CRK AND ENGLISH CONFIRMED ,Recommended,"2024-07-12 07:38:24.582533",Religious Studies,Admitted,,"2024-07-12 13:28:32.235617","19769069-65bf-411a-b2bf-9da379a47e91","06f6fb9c-8702-463a-b3c0-919eccf32347","2024-06-24 17:42:10.472944","2024-06-24 17:42:10.472944",1,"Immanuel College of Theology and Christian Education,Samonda,Ibadan"
121,181,181,161,177,,1,,25,10,1,594,,,593,,,,daa997ef-d488-4bf5-9b2e-498e7a855b1f,,13,ACU20240121,"875caf7c04c24a3287c1b718a4a4ca62",5,,,Recommended,"2024-07-18 10:16:10.788464",Religious Studies,Admitted,,"2024-07-19 07:17:57.450479","19769069-65bf-411a-b2bf-9da379a47e91",a6e746a3-8650-4f85-b8e5-8f9e1df295fd,"2024-06-24 18:17:06.450145","2024-06-24 18:17:06.450145",1,"Ezekiel College of Theology,Ekpoma"
122,114,113,99,111,90,1,,,2,,,,,,,,,"3c093dfb-0cfe-4edc-b715-ec2a31f9bb37",,13,ACU20240122,"869f12c1f0fd40a086153fc0cc396188",3,,,,,,,,,,,"2024-06-24 19:29:39.658904","2024-06-24 19:29:39.658904",0,
123,115,114,98,112,88,1,,7,2,1,,,,,,,,f6d68b32-ac76-4891-a80f-b859a0ca348c,,13,ACU20240123,"5854d7f48ba44b77a97b21f9953e67c7",5,,Qualifie,Recommended,"2024-07-23 12:46:32.951714",Nursing,Admitted,,"2024-07-23 15:43:40.990749","224f1516-0444-47d2-ab99-39817c7165a4",a6e746a3-8650-4f85-b8e5-8f9e1df295fd,"2024-06-24 19:57:56.907598","2024-06-24 19:57:56.907599",0,
124,116,115,100,113,89,1,,,2,,964,,,965,,,,"22c6cdb3-8964-4e76-a314-dfaffd903728",,13,ACU20240124,"390b9cbe766d41768a8ca127b52a0b44",3,,,,,,,,,,,"2024-06-24 23:47:38.899092","2024-06-24 23:47:38.899093",0,
125,,117,101,115,92,0,,,2,,,,349,350,351,352,353,"6ddd8f55-222f-4d2d-b938-67c852497db4",,13,ACU20240125,"4204d7892e9c4b128ad3d5e105661398",2,,,,,,,,,,,"2024-06-25 09:34:15.281403","2024-06-25 09:34:15.281403",0,
126,118,118,224,116,95,1,,25,10,2,902,,899,,900,901,,"1f4809c9-a2b4-4257-8185-bc3d716a4429",,13,ACU20240126,"2bf14066e0754d45a51810155b5c16e7",5,Religious Studies,,Recommended,"2024-07-23 07:26:56.687531",Religious Studies,Admitted,,"2024-07-23 07:27:40.845230","19769069-65bf-411a-b2bf-9da379a47e91","8b752162-f831-49f8-a951-39b7789ac371","2024-06-25 10:26:48.887345","2024-06-25 10:26:48.887345",1,"Crowther Graduate Theological Seminary,Abeokuta"
127,119,119,226,117,93,1,,25,10,2,892,893,,897,894,895,896,"2021e84f-d318-49f8-aed0-19b8c311c003",,13,ACU20240127,e0a2c20b281f498db2404b3a6159a3a6,5,Religious Studies,,Recommended,"2024-07-19 06:58:28.007313",Religious Studies,Admitted,,"2024-07-19 07:01:44.244961","19769069-65bf-411a-b2bf-9da379a47e91","8b752162-f831-49f8-a951-39b7789ac371","2024-06-25 11:57:46.412317","2024-06-25 11:57:46.412317",1,"Crowther Graduate Theological Seminary,Abeokuta"
128,120,120,104,118,96,1,,,2,,357,,,,,,,c7827357-769d-4793-924d-5c24b74d7c15,,13,ACU20240128,"5e416cd967e148d18baf6a13ad69f4a7",3,,,,,,,,,,,"2024-06-25 13:23:58.289579","2024-06-25 13:23:58.289580",0,
129,121,121,106,119,97,1,,,2,,,,,358,,,,"6d2c42db-5a85-4b07-9b65-b60f5fce0b11",,13,ACU20240129,"916ddbe3209046909e6c5b28944b4d02",3,,,,,,,,,,,"2024-06-25 14:21:40.222593","2024-06-25 14:21:40.222593",0,
130,122,122,108,120,100,1,,25,10,1,369,,371,,,,,"1d6e314c-47d0-48f9-adcb-a9a1039c8253",,13,ACU20240130,"3bc0cc7098354320a40aa13499b10509",5,Religious Studies,CRK AND ENGLISH CONFIRMED ,Recommended,"2024-07-12 07:43:48.653606",Religious Studies,Admitted,,"2024-07-12 13:29:48.557296","19769069-65bf-411a-b2bf-9da379a47e91","06f6fb9c-8702-463a-b3c0-919eccf32347","2024-06-25 15:17:25.200795","2024-06-25 15:17:25.200796",0,
131,123,123,109,121,140,1,,8,2,1,560,,,561,564,562,,"8addd5c2-af19-4d74-bb08-1a6a2e2560f3",,13,ACU20240131,f89ac04ff98d45d9b7eed06902f7948f,5,,,Recommended,"2024-07-16 12:46:48.616296",Radiography and radiation Science,Admitted,,"2024-07-29 18:12:33.818870","224f1516-0444-47d2-ab99-39817c7165a4",a6e746a3-8650-4f85-b8e5-8f9e1df295fd,"2024-06-25 21:04:01.734169","2024-06-25 21:04:01.734169",0,
132,,,,,,0,,,2,,,,,,,,,f808dc32-0909-4304-8711-145a419a3729,,13,ACU20240132,"308655b3f6174066aad55238d672ee33",2,,,,,,,,,,,"2024-06-25 22:03:38.325163","2024-06-25 22:03:38.325164",0,
133,124,124,112,,,1,,,2,,,,,,,,,"330fa871-8669-4699-a235-d085a40197fd",,13,ACU20240133,b2ec08335cda47908d596c989dec3613,3,,,,,,,,,,,"2024-06-26 09:02:58.846261","2024-06-26 09:02:58.846261",0,
134,125,125,110,122,101,1,,,2,,375,,376,374,,,,b9b1eecb-fb9f-4582-b35b-07ade68b0e50,,13,ACU20240134,"5e7f41a118cc41fa905f9c4c83e8f59d",3,,,,,,,,,,,"2024-06-26 12:18:02.092817","2024-06-26 12:18:02.092818",0,
135,126,126,111,123,102,1,,17,2,1,,,379,380,,,,"53e38a7d-061e-455b-b271-7471be6bb5b1",,13,ACU20240135,"06bf8b9c7131435d933759a108b9cc3c",5,,,Recommended,"2024-07-16 12:45:55.756356",Computer Engineering,Admitted,,"2024-07-29 17:56:14.075921","224f1516-0444-47d2-ab99-39817c7165a4",a6e746a3-8650-4f85-b8e5-8f9e1df295fd,"2024-06-26 13:08:14.269150","2024-06-26 13:08:14.269151",0,
136,127,127,,124,,0,,,2,,,,,,,,,ce770de7-6bd2-4e75-83e1-8ffd8994976e,,13,ACU20240136,"22d0328ccc2945f19432ff19e1bdc557",2,,,,,,,,,,,"2024-06-27 10:21:31.675134","2024-06-27 10:21:31.675134",0,
137,128,128,113,125,103,1,,25,10,1,383,,,384,,,,"57d21fc3-5ae7-4ab6-b39f-c95c64517731",,13,ACU20240137,d52f29dc56364e2f90cf1cfcade5af37,5,Religious Studies,CRK AND ENGLISH CONFIRMED ,Recommended,"2024-07-12 07:44:57.000531",Religious Studies,Admitted,,"2024-07-12 13:32:13.840120","19769069-65bf-411a-b2bf-9da379a47e91","06f6fb9c-8702-463a-b3c0-919eccf32347","2024-06-27 11:57:54.023477","2024-06-27 11:57:54.023478",2,
138,129,129,114,126,104,1,,,2,,393,,390,392,,,,f845dd17-8cfa-471a-bb16-1b2227aeb89d,,13,ACU20240138,"3d8ae675811d4a0380dc2f661381408d",3,,,,,,,,,,,"2024-06-27 13:59:21.717442","2024-06-27 13:59:21.717443",0,
139,130,130,131,127,174,1,,25,10,1,,,,,,,,"5bbaf824-f0f2-4ef5-b76b-960ca2520a43",,13,ACU20240139,"09249c3d4ee54dd58c950723378a465c",5,Religious Studies,CRK AND ENGLISH CONFIRMED,Recommended,"2024-07-16 05:49:00.538626",Religious Studies,Admitted,Qualified ,"2024-07-16 09:45:46.752309","19769069-65bf-411a-b2bf-9da379a47e91","8b752162-f831-49f8-a951-39b7789ac371","2024-06-28 05:48:29.429647","2024-06-28 05:48:29.429648",1,"Immanuel College of Theology and Christian Education,Samonda,Ibadan"
140,131,131,115,128,105,1,,25,10,2,416,417,418,415,414,419,,"0e96241c-7850-4312-953f-154c7795a295",,13,ACU20240140,"6b40695e6d014806a08521456f2fbe28",5,Religious Studies,CRK AND ENGLISH CONFIRMED ,Recommended,"2024-07-12 07:47:39.567383",Religious Studies,Admitted,,"2024-07-15 17:10:54.273838","19769069-65bf-411a-b2bf-9da379a47e91","06f6fb9c-8702-463a-b3c0-919eccf32347","2024-06-28 08:15:45.184255","2024-06-28 08:15:45.184256",1,"St. Francis of Assisi, Theological Seminary, Wusasa, Zaria"
141,132,132,116,129,106,1,,42,2,1,,,,,,,,ca581fa7-ee7a-41eb-85ca-17bab9ed8106,,13,ACU20240141,"9fc9c7ab0cbf48b4b6d55bb62e9662e5",5,Peace Studies and Conflict Resolution,Qualified,Recommended,"2024-07-29 10:24:58.220506",Peace Studies and Conflict Resolution,Admitted,,"2024-07-29 17:56:54.663001","224f1516-0444-47d2-ab99-39817c7165a4",a6e746a3-8650-4f85-b8e5-8f9e1df295fd,"2024-06-28 09:41:20.793989","2024-06-28 09:41:20.793989",0,
142,133,133,117,130,142,1,,21,2,1,565,,,566,,,,f580145b-5a53-4b90-b762-4417ad55d041,,13,ACU20240142,c7c446f3cb774110881764f8ab128d17,5,,,Recommended,"2024-07-16 12:43:04.218954",Estate Management,Admitted,,"2024-07-29 17:57:57.923677","224f1516-0444-47d2-ab99-39817c7165a4",a6e746a3-8650-4f85-b8e5-8f9e1df295fd,"2024-06-28 13:34:54.180235","2024-06-28 13:34:54.180236",0,
143,134,134,118,131,110,1,,25,10,1,422,,,421,423,424,425,"37b441cb-89db-4825-a25b-2127c646ccce",,13,ACU20240143,"1e87ae9323b74b25b038ba31548d0c69",5,Religious Studies,CRK AND ENGLISH CONFIRMED ,Recommended,"2024-07-12 07:51:51.308246",Religious Studies,Admitted,,"2024-07-12 13:34:43.222340","19769069-65bf-411a-b2bf-9da379a47e91","06f6fb9c-8702-463a-b3c0-919eccf32347","2024-06-28 14:00:54.619743","2024-06-28 14:00:54.619743",1,"Immanuel College of Theology and Christian Education,Samonda,Ibadan"
144,136,136,129,133,137,1,,,2,,968,,,969,966,967,,f1e32d48-9f56-4009-8bf9-7d54f3b998dc,,13,ACU20240144,"99bfdced2ab1418a84fcfd814cb339f5",3,,,,,,,,,,,"2024-06-28 20:03:41.744446","2024-06-28 20:03:41.744447",0,
145,137,137,120,134,108,1,,25,10,1,,,,,,,,"936cd72f-a260-43ff-b383-91bc3d928936",,13,ACU20240145,f4fc52d5bae14cf491aa00821c3748c0,5,Religious Studies,,Recommended,"2024-07-12 10:02:44.482335",Religious Studies,Admitted,,"2024-07-17 16:05:31.280176","19769069-65bf-411a-b2bf-9da379a47e91","06f6fb9c-8702-463a-b3c0-919eccf32347","2024-06-29 02:39:46.719916","2024-06-29 02:39:46.719916",0,
146,138,138,121,135,,1,,29,2,1,552,,553,554,555,556,557,"9516a11a-019c-4293-9a4e-f401d21073d2",,13,ACU20240146,"9ba7e75673e34a16b1eacc514dcaa976",5,,,Recommended,"2024-07-18 10:06:57.985724",Business Administration,Admitted,,"2024-07-29 17:58:30.560371","224f1516-0444-47d2-ab99-39817c7165a4",a6e746a3-8650-4f85-b8e5-8f9e1df295fd,"2024-06-29 12:10:01.684678","2024-06-29 12:10:01.684678",0,
147,149,149,293,146,265,0,,,10,,,,,,,,,d5d9b2d4-5dba-4c56-9c69-d393c2992388,,13,ACU20240147,"614317163bff4552987de0433b93a68a",2,,,,,,,,,,,"2024-07-01 08:28:41.419007","2024-07-01 08:28:41.419007",0,
148,139,139,122,136,114,1,,7,2,1,447,,426,,444,445,446,c3d3041e-ca87-403f-8696-51c0de60693e,,13,ACU20240148,"9e15164ca92e45f2893afaa5efde6bc4",5,,,Recommended,"2024-07-16 12:41:23.625825",Nursing,Admitted,,"2024-07-26 11:33:27.383191","224f1516-0444-47d2-ab99-39817c7165a4",a6e746a3-8650-4f85-b8e5-8f9e1df295fd,"2024-07-01 10:09:02.269710","2024-07-01 10:09:02.269711",0,
149,140,140,220,137,112,0,,,2,,874,,,876,429,877,431,"7fd7f461-8409-4700-a584-c3d112ab260c",,13,ACU20240149,"70fa85cdac564e9f8581f4956a80b09d",3,,,,,,,,,,,"2024-07-01 15:16:13.503357","2024-07-01 15:16:13.503357",0,
150,162,162,144,158,132,1,,25,10,1,,,,,,,,caa12ae6-9e86-45f6-801b-fb64f656901c,,13,ACU20240150,"4760d3904041448585805a90652df8ef",5,Religious Studies,CRK AND ENGLISH CONFIRMED ,Recommended,"2024-07-12 07:50:20.470303",Religious Studies,Admitted,,"2024-07-12 13:36:56.097275","19769069-65bf-411a-b2bf-9da379a47e91","06f6fb9c-8702-463a-b3c0-919eccf32347","2024-07-01 16:05:46.028597","2024-07-01 16:05:46.028597",1,"Immanuel College of Theology and Christian Education,Samonda,Ibadan"
151,141,141,124,138,111,1,,25,10,2,,,,,,,,"036417e0-e5aa-497c-a9b2-1d81aec07594",,13,ACU20240151,d9446bd19da34659846259c9f8b087f6,5,Religious Studies,CRK AND ENGLISH CONFIRMED ,Recommended,"2024-07-12 07:53:55.236791",Religious Studies,Admitted,,"2024-07-12 13:39:04.168655","19769069-65bf-411a-b2bf-9da379a47e91","06f6fb9c-8702-463a-b3c0-919eccf32347","2024-07-01 18:41:21.223405","2024-07-01 18:41:21.223405",1,"Immanuel College of Theology and Christian Education,Samonda,Ibadan"
152,142,142,126,139,116,1,,25,10,2,742,743,744,455,,,,b59cdcb2-eaae-483f-9f0f-f7c48e26bad3,,13,ACU20240152,"",5,Religious Studies,CRK AND ENGLISH CONFIRMED ,Recommended,"2024-07-16 05:48:06.181394",Religious Studies,Admitted,Qualified ,"2024-07-16 09:46:48.231107","19769069-65bf-411a-b2bf-9da379a47e91","8b752162-f831-49f8-a951-39b7789ac371","2024-07-02 05:46:17.392830","2024-07-02 05:46:17.392831",1,"Immanuel College of Theology and Christian Education,Samonda,Ibadan"
154,143,143,127,140,113,1,,7,2,1,436,,,437,,,,dc63ddb3-ee4d-4e81-b67a-8d746d1ba757,,13,ACU20240154,"0b6c1343d2da4477bfd6ad65ea6997a5",5,,,Recommended,"2024-07-16 12:40:38.710963",Nursing,Admitted,,"2024-07-29 17:58:56.633387","224f1516-0444-47d2-ab99-39817c7165a4",a6e746a3-8650-4f85-b8e5-8f9e1df295fd,"2024-07-02 07:46:56.642997","2024-07-02 07:46:56.642998",0,
155,144,144,128,141,115,1,,31,2,1,712,,,713,714,715,716,b04a4ea7-332f-477e-a121-ac0c72bd106b,,13,ACU20240155,a14d810e12ff40d5aed19e75945756de,5,,,Recommended,"2024-07-18 10:06:04.745326",Computer Science,Admitted,,"2024-07-29 18:00:03.831578","224f1516-0444-47d2-ab99-39817c7165a4",a6e746a3-8650-4f85-b8e5-8f9e1df295fd,"2024-07-02 08:58:06.356274","2024-07-02 08:58:06.356275",0,
156,145,145,209,142,191,1,,25,10,2,847,,,,,,,b4750209-cea0-4920-b6fb-e82ce8a21d97,,13,ACU20240156,b50b53e9bdac4d8bae6c9e818e0b9ef8,5,Religious Studies,,Recommended,"2024-07-19 07:28:42.876622",Religious Studies,Admitted,,"2024-07-19 07:29:13.136878","19769069-65bf-411a-b2bf-9da379a47e91","8b752162-f831-49f8-a951-39b7789ac371","2024-07-02 12:55:40.141439","2024-07-02 12:55:40.141440",1,"Immanuel College of Theology and Christian Education,Samonda,Ibadan"
157,146,146,130,143,117,1,,,2,,478,,479,480,481,482,,"7f66dfe6-8177-40f1-8141-431184fe127c",,13,ACU20240157,"5e24b53b35d44610a6cd6a7389aab7ee",3,,,,,,,,,,,"2024-07-02 21:00:17.904631","2024-07-02 21:00:17.904631",0,
158,147,147,132,144,119,1,,25,10,2,,,,463,,,,"29033420-50a3-4a81-9324-312a9f4c0417",,13,ACU20240158,b2ac87d57fc24d719aad5b5d1d28bc83,5,Religious Studies,,Recommended,"2024-07-12 10:01:09.567300",Religious Studies,Admitted,,"2024-07-12 13:40:27.561129","19769069-65bf-411a-b2bf-9da379a47e91","06f6fb9c-8702-463a-b3c0-919eccf32347","2024-07-03 07:32:45.816745","2024-07-03 07:32:45.816745",2,
159,148,148,133,145,118,1,,,2,,,,569,,,,,"4960d6b2-3359-4c6a-9f61-7e569814cfaf",,13,ACU20240159,bba3d7d7c8754d07b8e202c24866cd4b,3,,,,,,,,,,,"2024-07-03 09:18:07.978363","2024-07-03 09:18:07.978363",0,
160,155,154,137,151,124,1,,25,10,1,,,,506,,,,"2c5aa414-3603-49a7-9c72-ad931006b014",,13,ACU20240160,"",5,,,Recommended,"2024-07-18 10:01:50.479047",Religious Studies,Admitted,,"2024-07-23 07:39:41.389826","19769069-65bf-411a-b2bf-9da379a47e91",a6e746a3-8650-4f85-b8e5-8f9e1df295fd,"2024-07-03 12:36:47.449638","2024-07-03 12:36:47.449640",0,
161,,,,,,0,,,2,,,,,,,,,"2c5aa414-3603-49a7-9c72-ad931006b014",,13,ACU20240161,"",2,,,,,,,,,,,"2024-07-03 12:37:33.276109","2024-07-03 12:37:33.276110",0,
162,153,153,136,150,123,1,,31,2,1,494,,495,496,,,,"03bdd91d-9597-4adb-88c6-a459294f704c",,13,ACU20240162,"",5,,,Recommended,"2024-07-18 09:59:03.036809",Computer Science,Admitted,,"2024-07-29 18:00:27.954542","224f1516-0444-47d2-ab99-39817c7165a4",a6e746a3-8650-4f85-b8e5-8f9e1df295fd,"2024-07-03 12:38:16.037652","2024-07-03 12:38:16.037653",0,
163,150,150,251,147,226,1,,25,10,2,,,,,,,,d795cd5e-4c34-4602-a165-a0324a9d03a5,,13,ACU20240163,"7b729beabf234c41acf0f067351d3820",5,,,,,Religious Studies,Admitted,,"2024-07-29 15:39:03.082018","19769069-65bf-411a-b2bf-9da379a47e91",,"2024-07-03 13:09:36.754886","2024-07-03 13:09:36.754887",0,
164,151,151,134,148,120,1,,8,2,1,484,485,,483,,,,"1051ed78-6d5b-433c-be96-26be39fd85a0",,13,ACU20240164,d7b04db18c8a49b2b4e83894ed77727e,5,,,Recommended,"2024-07-18 09:56:22.196844",Radiography and radiation Science,Admitted,,"2024-07-29 18:01:13.275689","224f1516-0444-47d2-ab99-39817c7165a4",a6e746a3-8650-4f85-b8e5-8f9e1df295fd,"2024-07-03 13:40:15.206225","2024-07-03 13:40:15.206226",0,
165,152,152,135,149,122,0,,,2,,,,,,,,,fd394b84-9a8f-429c-b262-d44f36a6209a,,13,ACU20240165,"20f0d90c40704244bb9fe08428e18d1e",2,,,,,,,,,,,"2024-07-03 14:01:52.640990","2024-07-03 14:01:52.640990",0,
166,154,155,138,152,126,1,,7,2,1,,,497,,499,498,500,"235872ae-3732-4474-a44f-8ee85dfc6f74",,13,ACU20240166,c8c7bc11f44c4924915655b159287c91,5,,,Recommended,"2024-07-18 09:55:27.131965",Nursing,Admitted,,"2024-07-29 18:01:46.609511","224f1516-0444-47d2-ab99-39817c7165a4",a6e746a3-8650-4f85-b8e5-8f9e1df295fd,"2024-07-03 21:19:12.153781","2024-07-03 21:19:12.153781",0,
167,156,156,139,153,127,1,,25,10,1,501,,,502,503,504,505,"277596cd-681b-44a3-96dd-76a1cae156d5",,13,ACU20240167,b0058f26d2b44226bd2730ef37967ca2,5,,,Recommended,"2024-07-18 09:54:06.455894",Religious Studies,Admitted,,"2024-07-19 07:18:21.350409","19769069-65bf-411a-b2bf-9da379a47e91",a6e746a3-8650-4f85-b8e5-8f9e1df295fd,"2024-07-04 08:37:19.867834","2024-07-04 08:37:19.867834",0,
168,157,157,140,154,129,0,,,10,,,,,,,,,b3a10be2-2271-4f59-98d4-085bdafc6e9d,,13,ACU20240168,"83a596ee45fb4db5a19545f7ee05a03f",2,,,,,,,,,,,"2024-07-04 09:26:49.069788","2024-07-04 09:26:49.069788",0,
169,158,158,141,155,130,1,,24,2,1,516,,517,518,,,,"1a4f4764-6ceb-423b-8c08-c216e691cb17",,13,ACU20240169,"7cee068664e6407bbb22949246bb44fc",5,,,Recommended,"2024-07-18 09:52:23.757580",Performing Arts and Music,Admitted,,"2024-07-29 18:02:20.699320","224f1516-0444-47d2-ab99-39817c7165a4",a6e746a3-8650-4f85-b8e5-8f9e1df295fd,"2024-07-04 09:38:16.625067","2024-07-04 09:38:16.625068",0,
170,159,159,142,156,154,1,,,2,,1210,1211,1212,1209,1213,1214,1215,"655eb3e7-b05a-4162-83bb-f5120900dcc8",,13,ACU20240170,abce6a547ffa4ceeb3ec76cfc9de43bf,3,,,,,,,,,,,"2024-07-04 10:02:04.969466","2024-07-04 10:02:04.969466",0,
171,160,160,147,162,210,1,,25,10,2,920,,,,,,,b09cec03-f930-4536-be0c-123dea0ebabe,,13,ACU20240171,"",5,,,,,Religious Studies,Admitted,,"2024-07-29 12:04:23.519591","19769069-65bf-411a-b2bf-9da379a47e91",,"2024-07-04 11:29:00.538296","2024-07-04 11:29:00.538300",0,
172,161,161,143,157,131,1,,31,2,1,,,524,,,,,"4735b14d-cf2c-43d5-8e0d-add5a6d6f0f5",,13,ACU20240172,"631e3409c17d4097a03ba786c71be1d0",5,,,Recommended,"2024-07-18 09:51:32.266516",Computer Science,Admitted,,"2024-07-29 18:03:20.868167","224f1516-0444-47d2-ab99-39817c7165a4",a6e746a3-8650-4f85-b8e5-8f9e1df295fd,"2024-07-04 11:07:28.227325","2024-07-04 11:07:28.227325",0,
173,164,163,192,211,177,1,,25,10,2,760,,759,758,755,756,757,b517151e-efd2-464c-b578-5e6a0369ac3f,,13,ACU20240173,"8db6a5f37174445883f5eb8dee275d0a",5,Religious Studies,,Recommended,"2024-07-19 09:17:51.965637",Religious Studies,Admitted,,"2024-07-19 09:19:10.463712","19769069-65bf-411a-b2bf-9da379a47e91","8b752162-f831-49f8-a951-39b7789ac371","2024-07-04 22:09:27.944851","2024-07-04 22:09:27.944851",0,
174,165,164,145,159,134,1,,25,10,2,529,530,,,,,,"7848522c-7b1b-4a95-8c96-0ddade251db4",,13,ACU20240174,a3240af217d44053816dcea16b8a9896,5,Religious Studies,CRK AND ENGLISH CONFIRMED ,Recommended,"2024-07-12 09:21:30.237673",Religious Studies,Admitted,,"2024-07-12 13:41:20.167549","19769069-65bf-411a-b2bf-9da379a47e91","06f6fb9c-8702-463a-b3c0-919eccf32347","2024-07-05 05:40:13.838173","2024-07-05 05:40:13.838174",1,"Ezekiel College of Theology,Ekpoma"
175,166,165,146,160,135,1,,,2,,,,,,,,,b9325f7c-4e44-4c91-bd06-ca132bab1a4e,,13,ACU20240175,bbb5da018a01410a870379b54bfb1f88,3,,,,,,,,,,,"2024-07-05 06:53:56.276361","2024-07-05 06:53:56.276362",0,
176,167,167,148,163,136,1,,,2,,,,,998,999,1000,1001,"9d0b39c6-d056-4ff7-b733-91c438f51c4e",,13,ACU20240176,"639273e980424c1484675b90246056ee",3,,,,,,,,,,,"2024-07-05 08:42:38.985835","2024-07-05 08:42:38.985836",0,
177,168,166,200,161,185,1,,25,10,2,804,,,805,,,,a3b09217-5cd1-468a-9582-0b5412262089,,13,ACU20240177,"8285f77a23ac4938867dfdaa6a0f89f9",5,Religious Studies,,Recommended,"2024-07-17 15:00:03.566855",Religious Studies,Admitted,,"2024-07-17 16:06:42.447711","19769069-65bf-411a-b2bf-9da379a47e91","8b752162-f831-49f8-a951-39b7789ac371","2024-07-05 09:36:56.902877","2024-07-05 09:36:56.902878",0,
178,251,250,238,248,,1,,,2,,1198,1097,1199,1200,1201,1202,1203,"50c79f5d-7ffb-4c4f-8c7b-287b8b59a9b5",,13,ACU20240178,"78c0510c9e8545218d1a1511f46cb1a5",3,,,,,,,,,,,"2024-07-05 13:43:16.884285","2024-07-05 13:43:16.884286",0,
179,210,210,,207,,0,,,2,,,,,,,,,"201beb9c-fa38-4a82-88d1-6a347e160b98",,13,ACU20240179,b904386b65f040dd89ef080594c0d047,2,,,,,,,,,,,"2024-07-06 07:14:39.459305","2024-07-06 07:14:39.459305",0,
180,169,168,149,,138,1,,,2,,,,,543,,,544,"87addc6b-01d4-415b-a234-cdd141a91eb1",,13,ACU20240180,"25be520426d44f579fe251c1c41ec6a0",3,,,,,,,,,,,"2024-07-06 10:03:24.157480","2024-07-06 10:03:24.157480",0,
181,170,169,150,164,139,1,,,2,,,,,,,,,"99042252-2ad5-47fe-955d-618dd6100804",,13,ACU20240181,ecbe42cb2221400aa8f414d5b2855a71,3,,,,,,,,,,,"2024-07-06 15:55:55.583466","2024-07-06 15:55:55.583466",0,
182,,170,152,166,147,0,,,2,,620,,621,,,619,,c06c92f3-40ed-4c1f-82d1-4cf7594b7968,,13,ACU20240182,"2f8db8e0c98c4803b0de2945c8c1a104",2,,,,,,,,,,,"2024-07-07 09:53:40.202894","2024-07-07 09:53:40.202894",0,
183,171,171,153,167,162,1,,29,2,1,680,,679,,681,,682,"302a6f81-9392-455d-b715-c9fe6b0e2cc3",,13,ACU20240183,"02d64424cdd449a9a901b47626ac8885",5,,,Recommended,"2024-07-18 09:44:56.101460",Business Administration,Admitted,,"2024-07-29 18:03:47.800251","224f1516-0444-47d2-ab99-39817c7165a4",a6e746a3-8650-4f85-b8e5-8f9e1df295fd,"2024-07-07 15:30:19.330266","2024-07-07 15:30:19.330266",0,
184,172,172,154,168,141,0,,,2,,,,,,,,,c8095aa9-6dc0-462a-915e-84ea692a24cf,,13,ACU20240184,"729faee6504e4781be90ed408f6b9c95",2,,,,,,,,,,,"2024-07-07 17:39:46.692893","2024-07-07 17:39:46.692893",0,
185,173,173,155,169,143,1,,6,2,1,,,601,602,,603,604,e202c740-47c8-4fcc-990e-d3145a1ad64e,,13,ACU20240185,"73a9f43920f349e6b7d6512ced5dab8b",5,Environmental Health Science,Jamb score is low Not Recommended,Not Recommended,"2024-07-18 09:38:07.335502",Medical Laboratory Science,Admitted,,"2024-07-29 18:04:14.411290","224f1516-0444-47d2-ab99-39817c7165a4",a6e746a3-8650-4f85-b8e5-8f9e1df295fd,"2024-07-08 12:05:32.718444","2024-07-08 12:05:32.718445",0,
186,174,174,157,170,150,1,,,2,,,,,,,,,a155888f-8edd-4ba8-b4da-951a55631f5c,,13,ACU20240186,e96372ca4f914a7fa613cefbb7f48552,3,,,,,,,,,,,"2024-07-08 13:27:21.581484","2024-07-08 13:27:21.581485",0,
187,175,175,156,171,144,1,,17,2,1,,,,,,,,f775aa1d-9198-4fe7-a414-d166f51a2c42,,13,ACU20240187,"4420f52c9d6842e7b2488901232068f2",5,,,Recommended,"2024-07-18 09:34:47.911368",Computer Engineering,Admitted,,"2024-07-29 18:04:40.752870","224f1516-0444-47d2-ab99-39817c7165a4",a6e746a3-8650-4f85-b8e5-8f9e1df295fd,"2024-07-08 13:49:07.340681","2024-07-08 13:49:07.340683",0,
188,176,176,158,172,145,1,,,2,,571,,573,,,,,"768f5f3a-35b6-4e37-b006-f6fea2898fea",,13,ACU20240188,ac28778f1c664cefa7ec0e1d50cb180b,3,,,,,,,,,,,"2024-07-08 16:46:37.337545","2024-07-08 16:46:37.337545",0,
189,177,177,159,173,146,1,,,2,,,,,689,690,691,692,"229da6e9-4af5-4612-9654-440a5cf66fd4",,13,ACU20240189,d13c91983d8c4bcaa73a5f96bc9fdd2b,3,,,,,,,,,,,"2024-07-08 20:35:41.977096","2024-07-08 20:35:41.977097",0,
190,178,178,167,174,158,1,,25,10,2,,,,,,,,"8d987f88-eb70-4109-af8e-5a8efcf9c20f",,13,ACU20240190,bacf8819a3d94353b56504875812c9c8,5,Religious Studies,,Recommended,"2024-07-18 07:35:20.042161",Religious Studies,Admitted,,"2024-07-23 07:32:16.448236","19769069-65bf-411a-b2bf-9da379a47e91","8b752162-f831-49f8-a951-39b7789ac371","2024-07-09 07:46:04.287867","2024-07-09 07:46:04.287868",0,
191,186,187,168,183,164,1,,27,2,1,674,,,675,676,677,678,d56f7a2c-788a-425a-9af7-b6653934dc87,,13,ACU20240191,"190a9f4a85b743bbbe8dfdd020233774",5,,,Recommended,"2024-07-17 10:20:05.280565",Accounting,Admitted,,"2024-07-29 18:04:59.899887","224f1516-0444-47d2-ab99-39817c7165a4",a6e746a3-8650-4f85-b8e5-8f9e1df295fd,"2024-07-09 15:28:47.622469","2024-07-09 15:28:47.622470",0,
192,235,237,221,235,203,1,,,2,,,,,,,,,"1e1aa073-9b6b-4379-87eb-6b4ae111895f",,13,ACU20240192,"0616008f4fb74d64aa7b17b7a8e1355e",3,,,,,,,,,,,"2024-07-09 18:36:16.441087","2024-07-09 18:36:16.441087",0,
193,179,179,160,175,148,1,,25,10,2,589,,,591,,,,"1500abdd-a23d-4a67-96e9-0ec02de67436",,13,ACU20240193,a999ef4d202d4155a187498af55602a0,5,Religious Studies,English and CRK,Recommended,"2024-07-12 10:00:49.259350",Religious Studies,Admitted,,"2024-07-12 13:42:55.516291","19769069-65bf-411a-b2bf-9da379a47e91","06f6fb9c-8702-463a-b3c0-919eccf32347","2024-07-09 19:52:20.070371","2024-07-09 19:52:20.070371",0,
194,271,271,279,268,253,1,,,2,,,,,1284,,,,"7d8cef73-3da7-4114-976d-a89e0e3e5248",,13,ACU20240194,d2e1c4dce6a343288b3538ed889318c7,3,,,,,,,,,,,"2024-07-09 20:36:26.168333","2024-07-09 20:36:26.168333",0,
195,180,180,206,176,163,1,,25,10,2,810,811,812,816,813,814,815,ecb2a981-6d6d-494c-9d9d-66cfad49ebb2,,13,ACU20240195,"1f0db1f52f824bdebb007bbcb00bb056",5,Religious Studies,,Recommended,"2024-07-18 07:50:31.613107",Religious Studies,Admitted,,"2024-07-18 07:57:51.583791","19769069-65bf-411a-b2bf-9da379a47e91","8b752162-f831-49f8-a951-39b7789ac371","2024-07-09 21:26:20.901849","2024-07-09 21:26:20.901849",1,"Immanuel College of Theology and Christian Education,Samonda,Ibadan"
196,237,239,223,237,205,1,,,2,,1028,,1029,,1030,,1027,"863902b1-c7b3-4d53-bb24-1f8b2c4c52ac",,13,ACU20240196,"9a61dfb8eeb64edb8a010318927488f7",3,,,,,,,,,,,"2024-07-10 04:07:32.300942","2024-07-10 04:07:32.300943",0,
197,182,183,163,179,151,1,,26,2,1,605,,606,607,,,608,"4559fea2-4b49-4ada-adb8-6aa25b439d0e",,13,ACU20240197,"1ae1a8db91064d59a62eacf65545edaf",5,Law,qualified,Recommended,"2024-07-26 14:55:38.279896",Law,Admitted,,"2024-07-29 14:07:53.239541","224f1516-0444-47d2-ab99-39817c7165a4",a6e746a3-8650-4f85-b8e5-8f9e1df295fd,"2024-07-10 09:45:55.421268","2024-07-10 09:45:55.421269",0,
198,183,184,164,180,153,1,,25,10,1,,,,622,614,,615,"375ce34c-0152-4f85-9899-99397d8370fe",,13,ACU20240198,ac3daab2e62c4507826bef4d7c726510,5,Religious Studies,CRK AND ENGLISH CONFIRMED,Recommended,"2024-07-12 09:59:52.951825",Religious Studies,Admitted,,"2024-07-12 13:42:05.932740","19769069-65bf-411a-b2bf-9da379a47e91","06f6fb9c-8702-463a-b3c0-919eccf32347","2024-07-10 11:48:51.825760","2024-07-10 11:48:51.825761",0,
199,184,185,166,181,,1,,25,10,1,,,,,611,,,f0912a51-c985-4ddf-a36f-10b5ad5f3993,,13,ACU20240199,d395283fe8fd4028b2a02e0c512d67d3,5,Religious Studies,,Recommended,"2024-07-18 06:18:57.355305",Religious Studies,Admitted,,"2024-07-18 06:19:38.775844","19769069-65bf-411a-b2bf-9da379a47e91","8b752162-f831-49f8-a951-39b7789ac371","2024-07-10 14:48:34.975128","2024-07-10 14:48:34.975128",0,
200,187,188,180,184,,1,,25,10,2,693,613,,694,,,,f14dbc1f-e03d-438e-bb20-b0552b129b6b,,13,ACU20240200,faabef5ff3994dd0a892effb5122c8bb,5,Religious Studies,,Recommended,"2024-07-15 10:27:43.697489",Religious Studies,Admitted,Qualified ,"2024-07-16 09:47:50.085734","19769069-65bf-411a-b2bf-9da379a47e91","8b752162-f831-49f8-a951-39b7789ac371","2024-07-10 16:52:05.502697","2024-07-10 16:52:05.502698",0,
201,185,186,,182,,0,,,2,,,,,,,,,"2a6a0d2a-f983-45d6-9dc1-85f6716aae83",,13,ACU20240201,"4d24c92394b443229fa465d83e6fc238",2,,,,,,,,,,,"2024-07-10 17:48:09.658059","2024-07-10 17:48:09.658059",0,
202,188,189,169,185,,0,,,2,,,,,,,,,d89be03f-ec91-480b-a528-780e2b6feb60,,13,ACU20240202,"07d22bafc39f46ef8807de50732c7416",2,,,,,,,,,,,"2024-07-11 07:19:14.214789","2024-07-11 07:19:14.214789",0,
203,189,190,183,186,168,1,,,2,,769,,775,774,770,771,772,"8f7dfd8d-fe57-4764-a6d7-20a6c277825e",,13,ACU20240203,"72fb225190454dffbe8f85be4252cfe2",3,,,,,,,,,,,"2024-07-11 10:16:04.578004","2024-07-11 10:16:04.578004",0,
204,228,229,212,227,197,1,,,2,,,,851,,,852,,"0fcddbf4-6979-4082-b759-c4b9290cddb8",,13,ACU20240204,db89edc0d9274fbfaabb3cf5e47d8afc,3,,,,,,,,,,,"2024-07-11 10:57:54.551448","2024-07-11 10:57:54.551448",0,
205,190,191,170,187,155,1,,,2,,,,,,,,,d8601727-d073-4890-aaaa-36b81d90c435,,13,ACU20240205,b2ad965c78494dd1b8cc63a4704d265d,3,,,,,,,,,,,"2024-07-11 11:35:17.119474","2024-07-11 11:35:17.119474",0,
206,191,192,171,188,156,1,,7,2,1,,,,,,,,"2973afcb-2942-45a8-a9c0-affa274e1f1c",,13,ACU20240206,"4acf7e683806458ba0f881c54b94c8f3",5,,,Recommended,"2024-07-17 10:17:28.584135",Nursing,Admitted,,"2024-07-29 18:05:21.463931","224f1516-0444-47d2-ab99-39817c7165a4",a6e746a3-8650-4f85-b8e5-8f9e1df295fd,"2024-07-11 12:11:53.017811","2024-07-11 12:11:53.017812",0,
207,195,196,175,192,167,1,,,2,,,,,944,945,946,947,b164ddbc-dd2e-463c-b182-c5ebdb1a1897,,13,ACU20240207,"6fd2a8218908483ebef1dc0300491330",3,,,,,,,,,,,"2024-07-11 15:17:42.544319","2024-07-11 15:17:42.544320",0,
208,192,193,172,189,157,1,,,2,,629,630,,631,,,,"913a1897-72ef-48c8-91df-f87cfb783118",,13,ACU20240208,"921948a44aa340f09c1ccb51b1f98c25",3,,,,,,,,,,,"2024-07-11 15:26:54.254308","2024-07-11 15:26:54.254308",0,
209,193,194,173,190,173,1,,,2,,,,1060,1061,1062,1063,1064,"9b96e8a3-782d-40ef-b04d-82c2a4341257",,13,ACU20240209,"636b3fd51e6d447cb49da77e484f114b",3,,,,,,,,,,,"2024-07-11 16:05:07.181628","2024-07-11 16:05:07.181629",0,
210,194,195,174,191,159,1,,16,2,1,633,,,643,644,645,646,"3a36613b-37fe-4207-acf1-aaecf2c9baf0",,13,ACU20240210,d3038d98aeca40bca08c399537ad4000,5,,,Recommended,"2024-07-17 10:10:54.661680",Civil Engineering,Admitted,,"2024-07-29 18:05:46.206510","224f1516-0444-47d2-ab99-39817c7165a4",a6e746a3-8650-4f85-b8e5-8f9e1df295fd,"2024-07-11 16:59:23.001871","2024-07-11 16:59:23.001871",0,
211,196,215,194,193,180,1,,25,10,2,,,,764,,,,"83754a49-8857-4322-a75e-4576b347d17e",,13,ACU20240211,"25af0db65abb4771b7226c4d14db7920",5,Religious Studies,,Recommended,"2024-07-17 15:00:32.056426",Religious Studies,Admitted,,"2024-07-17 16:07:28.184809","19769069-65bf-411a-b2bf-9da379a47e91","8b752162-f831-49f8-a951-39b7789ac371","2024-07-12 11:06:33.732055","2024-07-12 11:06:33.732055",2,
212,197,197,176,194,160,0,,7,2,1,653,,654,655,656,657,658,"94eab7b1-6230-421d-96d0-29215cd88b09",,13,ACU20240212,"07adaaa7ad384afd86d56ac5626764e5",5,,,Recommended,"2024-07-17 10:09:53.597131",Nursing,Admitted,,"2024-07-29 10:06:37.497943","224f1516-0444-47d2-ab99-39817c7165a4",a6e746a3-8650-4f85-b8e5-8f9e1df295fd,"2024-07-12 12:11:53.531363","2024-07-12 12:11:53.531363",0,
213,,,,,,0,,,2,,,,,,,,,"289d8b62-c56c-4fb4-ad3d-f599fb6c55ee",,13,ACU20240213,"321b5ee7ad384254a6e43d26bb2640f5",2,,,,,,,,,,,"2024-07-12 14:14:06.964912","2024-07-12 14:14:06.964913",0,
214,198,198,177,195,161,1,,9,2,1,664,,665,666,,,,d3dbc04c-f510-4b61-b4ed-c55558d00c59,,13,ACU20240214,b4e7e919bb33480d9ed12c4252837b8c,5,,,Recommended,"2024-07-17 10:08:49.289923",Communication and Media Studies,Admitted,,"2024-07-29 18:06:09.334329","224f1516-0444-47d2-ab99-39817c7165a4",a6e746a3-8650-4f85-b8e5-8f9e1df295fd,"2024-07-12 15:15:00.980757","2024-07-12 15:15:00.980757",0,
215,199,199,182,197,,1,,29,2,1,970,,,971,,,,"7b4a7da3-6c49-4918-8f24-53cd5cc815a0",,13,ACU20240215,"549d4156a8384e96b710a9ce41cc2564",5,Business Administration,qualified,Recommended,"2024-07-26 15:00:23.267365",Business Administration,Admitted,,"2024-07-29 18:06:30.913575","224f1516-0444-47d2-ab99-39817c7165a4",a6e746a3-8650-4f85-b8e5-8f9e1df295fd,"2024-07-12 18:27:48.364183","2024-07-12 18:27:48.364184",0,
216,200,201,189,199,196,1,,41,2,1,763,,,762,,,,"10c8b2b7-1b01-4b61-9aff-65ab3d8e9730",,13,ACU20240216,b5fd4a21419740019f7acdb91db51f8e,3,,,"","2024-07-18 09:24:01.166148","","",,"2024-07-25 17:48:07.852765","224f1516-0444-47d2-ab99-39817c7165a4",a6e746a3-8650-4f85-b8e5-8f9e1df295fd,"2024-07-13 11:05:00.812529","2024-07-13 11:05:00.812529",0,
217,201,200,178,198,165,1,,8,2,1,684,,685,683,686,687,688,"94c656d6-03f1-43ff-a052-7225d2fb3597",,13,ACU20240217,eacd40f29b8d4092b58fadca12d9353b,5,,,Recommended,"2024-07-17 10:08:04.504189",Radiography and radiation Science,Admitted,,"2024-07-29 18:06:51.637913","224f1516-0444-47d2-ab99-39817c7165a4",a6e746a3-8650-4f85-b8e5-8f9e1df295fd,"2024-07-13 14:13:45.421919","2024-07-13 14:13:45.421919",0,
218,203,203,184,201,175,1,,,2,,1223,,1224,1225,,,,"738e59f8-44ee-4303-a526-d762bf796d7f",,13,ACU20240218,"",3,,,,,,,,,,,"2024-07-13 16:33:11.124774","2024-07-13 16:33:11.124775",0,
219,208,208,255,206,232,1,,,2,,1162,,1163,1161,,,,"6bb0ef8c-7976-4aa1-b605-1d110efdd429",,13,ACU20240219,"",3,,,,,,,,,,,"2024-07-13 16:45:57.036875","2024-07-13 16:45:57.036875",0,
221,202,202,181,200,166,1,,,2,,,,943,695,,,,fd4cf194-a1e9-4e50-953d-93cad5094d26,,13,ACU20240221,"94a7895e9941426dbfc07bd5ecb36e12",3,,,,,,,,,,,"2024-07-13 18:11:57.830016","2024-07-13 18:11:57.830017",0,
222,204,204,185,202,172,1,,25,10,1,,,,729,,,,"598b1812-1548-4236-8c9f-b6d78a3a8bdc",,13,ACU20240222,"269653e5cebb4781b776760e276df0fc",5,Religious Studies,CRK AND ENGLISH CONFIRMED,Recommended,"2024-07-16 05:50:40.373261",Religious Studies,Admitted,Qualified ,"2024-07-16 09:47:15.800931","19769069-65bf-411a-b2bf-9da379a47e91","8b752162-f831-49f8-a951-39b7789ac371","2024-07-14 07:03:01.141867","2024-07-14 07:03:01.141867",0,
223,205,205,,203,,0,,,2,,,,,,,,,"4d1eae20-740a-4745-b141-9f2cf53114d9",,13,ACU20240223,d8fe85936cd944408ef94e69cfd6c3c2,2,,,,,,,,,,,"2024-07-14 19:01:30.187180","2024-07-14 19:01:30.187181",0,
224,206,206,186,204,169,1,,26,2,1,717,,718,,,,,"13155969-e1c8-42a6-8577-4d749624fb91",,13,ACU20240224,"40220ea86e9747abbd68bcc407de4b59",5,,Highest Jamb score in law,Recommended,"2024-07-17 10:07:14.152474",Law,Admitted,,"2024-07-29 18:07:51.584896","224f1516-0444-47d2-ab99-39817c7165a4",a6e746a3-8650-4f85-b8e5-8f9e1df295fd,"2024-07-15 07:54:39.369127","2024-07-15 07:54:39.369127",0,
225,207,207,187,205,170,1,,,2,,722,,723,724,725,726,,"798d1cb2-23f4-4f56-8bdd-c10a91e75fec",,13,ACU20240225,"00b7cdf10e51445dbda072788c71e028",3,,,,,,,,,,,"2024-07-15 09:53:57.339263","2024-07-15 09:53:57.339263",0,
226,209,209,201,209,216,0,,,2,,,,,,,,,e6f3fc51-e7fd-4414-8b07-77ce203f148e,,13,ACU20240226,"072d75a9213540849c6404c7d74cd2f3",2,,,,,,,,,,,"2024-07-15 14:22:08.509431","2024-07-15 14:22:08.509431",0,
227,211,211,190,208,178,1,,,2,,932,,933,931,928,929,930,"74bbcadb-fb55-4c06-a820-6c7f84446ae3",,13,ACU20240227,"",3,,,,,,,,,,,"2024-07-15 19:36:24.858416","2024-07-15 19:36:24.858416",0,
228,213,212,191,210,176,1,,24,2,1,746,,752,749,750,753,751,"108bd1d3-f666-4305-ae19-fbbb059f8199",,13,ACU20240228,"",5,Performing Arts and Music, jamb score is low for law  Not Recommended,Not Recommended,"2024-07-17 10:04:46.572738",Performing Arts and Music,Admitted,,"2024-07-29 18:09:22.416695","224f1516-0444-47d2-ab99-39817c7165a4",a6e746a3-8650-4f85-b8e5-8f9e1df295fd,"2024-07-15 19:37:00.489205","2024-07-15 19:37:00.489205",0,
229,219,220,199,218,184,1,,25,10,2,,,,,,,,"78bc50d4-481b-4539-87f0-da803ee19980",,13,ACU20240229,"",5,Religious Studies,,Recommended,"2024-07-18 07:35:08.141148",Religious Studies,Admitted,,"2024-07-18 07:58:13.983762","19769069-65bf-411a-b2bf-9da379a47e91","8b752162-f831-49f8-a951-39b7789ac371","2024-07-15 19:40:45.195536","2024-07-15 19:40:45.195537",2,"Crowther Graduate Theological Seminary,Abeokuta"
230,212,226,219,223,231,0,,,2,,,,,,,,,"8cff842f-cfc2-46c1-bdc1-feb51dc33c94",,13,ACU20240230,ffd187434a4f4c03ac74da0bc7a6e380,2,,,,,,,,,,,"2024-07-16 03:16:23.603474","2024-07-16 03:16:23.603475",0,
231,242,213,193,212,179,1,,25,10,2,934,,935,,,,,"3d652247-19e0-4477-8f25-f35ba166b91a",,13,ACU20240231,"19a74bcf7ab44305b203dae0077e73ab",5,Religious Studies,,Recommended,"2024-07-20 08:09:08.780136",Religious Studies,Admitted,,"2024-07-22 09:16:05.787467","19769069-65bf-411a-b2bf-9da379a47e91","8b752162-f831-49f8-a951-39b7789ac371","2024-07-16 05:51:37.108633","2024-07-16 05:51:37.108633",1,"Ezekiel College of Theology,Ekpoma"
232,214,214,,213,,0,,,2,,,,,,,,,"3a33db8d-3df3-4ed6-a1f6-1b3cfc7653f9",,13,ACU20240232,c60cb3d52d7044f89a26c4a8918be629,2,,,,,,,,,,,"2024-07-16 08:44:17.471622","2024-07-16 08:44:17.471622",0,
233,215,216,195,214,208,1,,25,10,2,917,918,,,,919,,"5413731b-0cb4-4497-8988-128a1764ec4f",,13,ACU20240233,"1b60707154fd4d90ab32c3cea6c95894",5,Religious Studies,,Recommended,"2024-07-19 06:58:53.233841",Religious Studies,Admitted,,"2024-07-19 07:01:26.210577","19769069-65bf-411a-b2bf-9da379a47e91","8b752162-f831-49f8-a951-39b7789ac371","2024-07-16 11:46:55.606828","2024-07-16 11:46:55.606829",0,
234,220,221,198,219,183,1,,25,10,2,802,,803,,,,,d91bd375-adf9-4491-a10e-53543979e61e,,13,ACU20240234,"",5,Religious Studies,,Recommended,"2024-07-18 10:34:18.874797",Religious Studies,Admitted,,"2024-07-18 22:31:31.820714","19769069-65bf-411a-b2bf-9da379a47e91","8b752162-f831-49f8-a951-39b7789ac371","2024-07-16 11:47:41.985190","2024-07-16 11:47:41.985190",0,
235,232,233,216,231,201,1,,25,10,2,,,,,,,,"06af784b-77b6-4bf1-8c8f-07b09600cf4d",,13,ACU20240235,"640847f5441c45ec913ae55a1cf58963",5,Religious Studies,,Recommended,"2024-07-19 09:18:09.802660",Religious Studies,Admitted,,"2024-07-19 09:19:30.492566","19769069-65bf-411a-b2bf-9da379a47e91","8b752162-f831-49f8-a951-39b7789ac371","2024-07-16 12:14:22.328924","2024-07-16 12:14:22.328924",1,"Ezekiel College of Theology,Ekpoma"
236,216,217,204,215,187,1,,,2,,,,,,,,,"294fb370-81ad-499a-9b83-ddfbc87d24fc",,13,ACU20240236,ab25e63bce164b4a9a7598302ab4345b,3,,,,,,,,,,,"2024-07-16 12:38:23.194941","2024-07-16 12:38:23.194941",0,
237,224,225,207,224,192,1,,25,10,2,,,,,,,,e296ad82-fc36-4b57-9feb-9a6aa5ed6be1,,13,ACU20240237,"6e919e69abee4896bfba0eb616e076dc",5,Religious Studies,,Recommended,"2024-07-17 15:01:24.874065",Religious Studies,Admitted,,"2024-07-17 16:08:22.592448","19769069-65bf-411a-b2bf-9da379a47e91","8b752162-f831-49f8-a951-39b7789ac371","2024-07-16 13:32:45.953137","2024-07-16 13:32:45.953137",0,
238,218,219,196,217,181,1,,24,2,1,787,,788,786,,,,"38f81466-c1d8-4b2d-ae47-323ead768f03",,13,ACU20240238,"5437fbffe15e41fd86c547c896d630da",5,,,Recommended,"2024-07-17 10:02:57.488257",Performing Arts and Music,Admitted,,"2024-07-29 18:09:51.920482","224f1516-0444-47d2-ab99-39817c7165a4",a6e746a3-8650-4f85-b8e5-8f9e1df295fd,"2024-07-16 13:50:46.926084","2024-07-16 13:50:46.926084",0,
239,221,222,202,220,186,1,,7,2,1,1149,,1151,1150,,,,"113f563d-7b71-4b7a-a513-ee943b716cf1",,13,ACU20240239,"152335906d274e9496ef7faf28f3ac95",5,Nursing,qualified,Recommended,"2024-07-26 14:42:56.029443",Nursing,Admitted,,"2024-07-29 18:10:15.900129","224f1516-0444-47d2-ab99-39817c7165a4",a6e746a3-8650-4f85-b8e5-8f9e1df295fd,"2024-07-16 20:56:57.561282","2024-07-16 20:56:57.561283",0,
240,222,223,203,221,194,1,,7,2,1,858,,859,860,861,,862,e05f5f7f-b930-4b2e-a8b0-2f88c050bbd1,,13,ACU20240240,e748af74cbfb46d29ea2aa06531f63d6,5,,,Recommended,"2024-07-18 09:17:17.414092",Nursing,Admitted,,"2024-07-29 18:10:40.266474","224f1516-0444-47d2-ab99-39817c7165a4",a6e746a3-8650-4f85-b8e5-8f9e1df295fd,"2024-07-16 21:33:55.460804","2024-07-16 21:33:55.460805",0,
241,231,234,217,232,202,0,,,2,,865,,,863,864,866,,"54a07efb-96e6-4f20-a905-7be1e301a116",,13,ACU20240241,a9e9c8a816c240fc9f4d456e3700d93d,2,,,,,,,,,,,"2024-07-16 21:50:07.270582","2024-07-16 21:50:07.270582",0,
242,223,224,205,222,188,0,,,2,,,,,,,,,"92815c7b-d2e1-40e3-b358-dd932ea1d2c7",,13,ACU20240242,"6c198ee530624c2ab670d5ab07d3639c",2,,,,,,,,,,,"2024-07-17 07:28:17.937920","2024-07-17 07:28:17.937920",0,
243,225,227,208,225,189,1,,25,10,1,,,833,,,,818,"49b43f8e-c3bb-45c8-98ba-d22d6c88a60c",,13,ACU20240243,eb41d4b5904a484899a042c1670a3107,5,Religious Studies,,Recommended,"2024-07-17 15:01:41.554509",Religious Studies,Admitted,,"2024-07-17 16:09:07.960131","19769069-65bf-411a-b2bf-9da379a47e91","8b752162-f831-49f8-a951-39b7789ac371","2024-07-17 09:30:56.813003","2024-07-17 09:30:56.813004",1,"Bishop Crowther Theological Seminary, Okene"
244,226,228,211,226,195,1,,,2,,878,,879,880,,,,dc922957-202a-4a3b-abc3-4e9cce901381,,13,ACU20240244,d408c80a2530457dbbb225170067035e,3,,,,,,,,,,,"2024-07-17 10:57:44.225875","2024-07-17 10:57:44.225875",0,
245,227,230,213,228,198,1,,6,2,1,956,957,958,955,952,953,954,c5f153b0-6949-4da2-9e97-2fb83a64f0ad,,13,ACU20240245,ba72a51f4fef48c883fd370fe1d0f349,5,,qualified ,Recommended,"2024-07-25 10:55:05.003798",Medical Laboratory Science,Admitted,,"2024-07-29 18:11:15.734655","224f1516-0444-47d2-ab99-39817c7165a4",a6e746a3-8650-4f85-b8e5-8f9e1df295fd,"2024-07-17 14:13:05.179907","2024-07-17 14:13:05.179907",0,
246,229,231,214,229,199,1,,,2,,1217,,1218,1219,1220,1221,1222,"294fd9bd-6c1b-4fae-81e0-7772c8791ad3",,13,ACU20240246,"8bdb9e0250f04e4ba23e2bca1abf962d",3,,,,,,,,,,,"2024-07-17 16:31:55.486324","2024-07-17 16:31:55.486324",0,
247,230,232,215,230,200,1,,26,2,1,911,,,909,910,912,,"1b3d9dd7-7568-4ecc-874c-8a4a595d40db",,13,ACU20240247,d4b8d25384504cb1acaed44682ad3a16,5,Law,q,Recommended,"2024-07-26 13:18:13.401668",Law,Admitted,,"2024-07-29 14:09:11.078360","224f1516-0444-47d2-ab99-39817c7165a4",a6e746a3-8650-4f85-b8e5-8f9e1df295fd,"2024-07-17 16:55:15.022994","2024-07-17 16:55:15.022995",0,
248,234,236,,234,,0,,,2,,,,,,,,,"6ed35116-7787-49b2-b572-d66758b75cbc",,13,ACU20240248,"",2,,,,,,,,,,,"2024-07-18 06:26:09.787213","2024-07-18 06:26:09.787213",0,
249,247,281,271,278,245,1,,,2,,,,,,,,,"16e37080-060c-43d5-8eea-7a1404fe72aa",,13,ACU20240249,"",3,,,,,,,,,,,"2024-07-18 06:31:05.170620","2024-07-18 06:31:05.170621",0,
250,,,,,,0,,,2,,,,,,,,,"06af784b-77b6-4bf1-8c8f-07b09600cf4d",,13,ACU20240250,"",2,,,,,,,,,,,"2024-07-18 06:52:20.900148","2024-07-18 06:52:20.900148",0,
251,236,238,222,236,204,1,,25,10,2,881,,882,885,883,884,,"512c2061-ad63-49db-ab3d-0dce4add7f68",,13,ACU20240251,"",5,Religious Studies,,Recommended,"2024-07-23 07:31:43.850831",Religious Studies,Admitted,,"2024-07-25 11:43:43.950843","19769069-65bf-411a-b2bf-9da379a47e91","8b752162-f831-49f8-a951-39b7789ac371","2024-07-18 06:54:41.937997","2024-07-18 06:54:41.937997",0,
252,,,,,,0,,,2,,,,,,,,,"5349c982-9e8e-4b86-aa49-f403a71b1bd3",,13,ACU20240252,"6ce8a73f5ff7492d80d426ca6cb625c6",2,,,,,,,,,,,"2024-07-18 10:59:37.254074","2024-07-18 10:59:37.254075",0,
253,238,240,227,238,206,1,,,2,,1266,,1267,1268,,,,f79ea306-d114-43f8-889f-ed231e629f69,,13,ACU20240253,"27b115c0e6d94a92a380d6a30e146188",4,Microbiology,Jamb subjects not qualified for nursing,Recommended,"2024-07-29 10:35:55.687240",,,,,,a6e746a3-8650-4f85-b8e5-8f9e1df295fd,"2024-07-18 15:10:30.310521","2024-07-18 15:10:30.310522",0,
254,239,242,230,240,264,1,,,2,,1321,,,1319,1317,1318,1320,e96aee22-8016-4fed-ab55-f64f4870f1ae,,13,ACU20240254,"8b3f5d74119b4a7aab9a7e7a08f19f6e",3,,,,,,,,,,,"2024-07-19 09:46:06.642379","2024-07-19 09:46:06.642379",0,
255,240,241,229,239,,0,,,2,,,,,,,,,ac982155-9200-405f-862f-6725096cda0f,,13,ACU20240255,dfca56fdcef94c4abb125b35aa2de381,2,,,,,,,,,,,"2024-07-19 10:01:31.963770","2024-07-19 10:01:31.963771",0,
256,241,243,231,241,211,1,,17,2,1,,,,,,,,"1498d0e3-3517-47ac-b3d2-0ad2b2390386",,13,ACU20240256,"40cdf616276f411ab14709f115b3773a",5,,,Recommended,"2024-07-23 08:05:19.651084",Computer Engineering,Admitted,,"2024-07-29 18:13:04.771933","224f1516-0444-47d2-ab99-39817c7165a4",a6e746a3-8650-4f85-b8e5-8f9e1df295fd,"2024-07-19 13:55:55.791342","2024-07-19 13:55:55.791342",0,
257,244,245,232,243,212,1,,25,10,2,950,,951,,,,,ca8fbcda-82b6-4b81-9710-187def8f97bb,,13,ACU20240257,"2e955b568e6448dbac8ef62017b54a72",5,Religious Studies,,Recommended,"2024-07-20 08:08:41.010930",Religious Studies,Admitted,,"2024-07-22 09:17:02.750221","19769069-65bf-411a-b2bf-9da379a47e91","8b752162-f831-49f8-a951-39b7789ac371","2024-07-19 14:52:24.439924","2024-07-19 14:52:24.439924",0,
258,243,244,241,242,222,1,,22,2,1,1065,,1066,1067,,,,"763c47cb-d8ce-4ae5-b1bf-316de9c986f0",,13,ACU20240258,"8d75ce2d8ce34102b144565beefbf459",5,English,qualified,Recommended,"2024-07-25 15:52:38.766667",English,Admitted,,"2024-07-27 10:47:02.876529","224f1516-0444-47d2-ab99-39817c7165a4",a6e746a3-8650-4f85-b8e5-8f9e1df295fd,"2024-07-19 18:19:10.751814","2024-07-19 18:19:10.751814",0,
259,245,246,233,244,215,1,,,2,,993,,,,,,,dfc30c63-062f-466d-a8b0-102c58958894,,13,ACU20240259,bc8a7b3ed5cf48d3a35ffe91bb0044bf,3,,,,,,,,,,,"2024-07-20 13:43:30.200284","2024-07-20 13:43:30.200284",0,
260,246,247,234,245,,0,,,2,,,,,,,,,"258c4166-f348-4f3a-b671-05f3e5094f9f",,13,ACU20240260,"3200a6692c764db79c28f44b5ceba8b1",2,,,,,,,,,,,"2024-07-20 14:09:17.414743","2024-07-20 14:09:17.414743",0,
261,248,262,250,259,225,1,,,2,,1073,,1072,1074,1069,1070,1071,"2645777f-29cf-429d-af8c-04beec587066",,13,ACU20240261,"0efc31fbdcda4eeba1f7909304cac1b8",3,,,,,,,,,,,"2024-07-21 08:34:17.343239","2024-07-21 08:34:17.343239",0,
262,249,248,236,246,213,0,,,2,,,,,,,,,"7fdbcde5-0729-442c-98de-a91d4303d1dc",,13,ACU20240262,a150bd29d3604ebf9fca47e089064f02,2,,,,,,,,,,,"2024-07-21 12:58:15.798141","2024-07-21 12:58:15.798141",0,
263,250,249,237,247,214,1,,,2,,987,,988,989,990,991,,"098b7249-97df-43f3-8093-cfdf369bcf12",,13,ACU20240263,"8764c53a26ab42b69ed6566be72d91cb",3,,,,,,,,,,,"2024-07-21 20:29:28.627364","2024-07-21 20:29:28.627364",0,
264,252,251,239,249,237,1,,,2,,,,1195,1194,1197,1193,1196,"03c04761-586c-4d05-9dbd-c59a8d36a7d6",,13,ACU20240264,f3c071f795814c9293cc1c1ccd467f23,3,,,,,,,,,,,"2024-07-21 20:30:41.431624","2024-07-21 20:30:41.431624",0,
265,253,252,242,250,217,1,,,2,,1142,,1143,1144,1145,1146,1147,"22ffd87c-9773-4103-b99c-1cb0bf3bd553",,13,ACU20240265,"662c0cd6ea6d461e9514f74e5a1ef608",3,,,,,,,,,,,"2024-07-22 11:54:45.681405","2024-07-22 11:54:45.681405",0,
266,254,253,240,251,,0,,,10,,,,,,,,,"514853c5-d12c-452b-ac4d-026e20f7172c",,13,ACU20240266,"6bd3296d1a7e496eb0ba91bbec7ffc2a",2,,,,,,,,,,,"2024-07-22 12:48:59.429910","2024-07-22 12:48:59.429910",0,
267,255,254,,,,0,,,2,,1005,,,,,,,a53e91ba-fa04-4177-b140-70a9cd0038e0,,13,ACU20240267,"8c3317f9a0484c2cb226e606dcfda389",2,,,,,,,,,,,"2024-07-22 16:26:04.275626","2024-07-22 16:26:04.275626",0,
268,256,255,262,252,239,1,,,2,,,,1207,1208,,,,a2e232b7-a42d-438f-bb2e-bd1631b84dfb,,13,ACU20240268,ae859db5b47a41e29548252f0f94348e,3,,,,,,,,,,,"2024-07-22 18:56:58.987731","2024-07-22 18:56:58.987732",0,
269,257,256,244,253,220,0,,,2,,,,,,,,,"556f6664-9271-4a1a-80ab-b90cfc8cb3bb",,13,ACU20240269,e1e0d13470714709a88ba50b5623c1fe,2,,,,,,,,,,,"2024-07-22 20:46:20.830099","2024-07-22 20:46:20.830099",0,
270,258,257,246,254,221,1,,,2,,,,1050,,,,,"5aabc0e0-0584-438a-b788-e60e4d151001",,13,ACU20240270,fb56ca10854347d78cf4b32a1408e679,3,,,,,,,,,,,"2024-07-23 08:48:28.063069","2024-07-23 08:48:28.063069",0,
271,259,258,269,255,,0,,,2,,,,,1275,,,,f697bbdd-ea06-4c2f-9944-c42341c9fd54,,13,ACU20240271,f144877c2de24b9bad02adc7c12617d3,2,,,,,,,,,,,"2024-07-23 13:03:29.354026","2024-07-23 13:03:29.354026",0,
272,260,259,247,257,223,0,,,2,,,,,,,,,"2085b6c8-47a7-4dff-8a84-cdbc8c3d1a7c",,13,ACU20240272,"001a14e3fe9844c4a67300969f146271",2,,,,,,,,,,,"2024-07-23 14:02:10.118914","2024-07-23 14:02:10.118914",0,
273,261,260,248,256,224,1,,25,10,1,,1068,,,,,,"824d1f95-9a2f-48a8-90cf-c56845c5637e",,13,ACU20240273,"98d47a79828140dab55be45693e8a23f",5,Religious Studies,,Recommended,"2024-07-29 08:38:39.550447",Religious Studies,Admitted,,"2024-07-29 11:59:16.785813","19769069-65bf-411a-b2bf-9da379a47e91","8b752162-f831-49f8-a951-39b7789ac371","2024-07-23 14:27:01.100498","2024-07-23 14:27:01.100499",0,
274,,,,,,0,,,2,,,,,,,,,"8a535dd0-4efe-4231-af51-cdae7a763286",,13,ACU20240274,"4e77374ac26c4f7a893d46588ff3f540",2,,,,,,,,,,,"2024-07-23 15:21:06.965885","2024-07-23 15:21:06.965885",0,
275,262,261,249,258,227,1,,20,2,1,1075,,1076,1077,1078,1079,1080,"5d16b296-8730-4695-8de2-02666cfc3a3a",,13,ACU20240275,ee1b9be1d03d4068a8b705f1307782a1,5,,Qua,Recommended,"2024-07-25 10:22:10.008072",Architecture,Admitted,,"2024-07-29 18:13:41.703369","224f1516-0444-47d2-ab99-39817c7165a4",a6e746a3-8650-4f85-b8e5-8f9e1df295fd,"2024-07-23 15:43:41.840716","2024-07-23 15:43:41.840717",0,
276,269,269,258,265,236,1,,23,2,1,1230,,1231,1232,1227,1228,1229,e4864e36-34bd-47ea-a733-52274b68b87d,,13,ACU20240276,a3f06fa9090d497b9ec6639934cb81c6,5,History & International Studies,Qualified,Recommended,"2024-07-29 10:13:34.749426",History & International Studies,Admitted,,"2024-07-29 18:14:09.572978","224f1516-0444-47d2-ab99-39817c7165a4",a6e746a3-8650-4f85-b8e5-8f9e1df295fd,"2024-07-25 10:13:57.168876","2024-07-25 10:13:57.168876",0,
277,263,263,252,260,228,0,,,2,,1157,,1158,1159,,,,a25b7790-78ab-4963-a43f-33921e50fe26,,13,ACU20240277,"228ed1abdfd74c26825b49f44b390938",2,,,,,,,,,,,"2024-07-25 10:20:17.012594","2024-07-25 10:20:17.012594",0,
278,265,264,253,261,229,1,,42,2,1,1148,,1107,,1120,,,e29e90ef-5ec8-46cc-b500-cbbca62b3c90,,13,ACU20240278,"25a2e08ec6524880a90abe923bd11fb3",5,Peace Studies and Conflict Resolution,,Recommended,"2024-07-25 15:47:32.248292",Peace Studies and Conflict Resolution,Admitted,,"2024-07-29 18:14:31.940243","224f1516-0444-47d2-ab99-39817c7165a4",a6e746a3-8650-4f85-b8e5-8f9e1df295fd,"2024-07-25 10:24:08.868815","2024-07-25 10:24:08.868815",0,
279,264,265,254,262,230,1,,26,2,1,1139,,1140,1141,,,,"5f87c048-b29b-46ae-90e8-3a81ccf18021",,13,ACU20240279,"7298293bb85b4a28a4b2f20814178017",5,Law,qualified,Recommended,"2024-07-26 13:11:50.814365",Law,Admitted,,"2024-07-29 14:02:21.806293","224f1516-0444-47d2-ab99-39817c7165a4",a6e746a3-8650-4f85-b8e5-8f9e1df295fd,"2024-07-25 10:25:40.044379","2024-07-25 10:25:40.044380",0,
280,266,266,,263,,0,,,10,,,,,,,,,a70ade9a-63ef-46bf-91ee-58d0b154b520,,13,ACU20240280,"00aae0b28e1e406f8b915de8304dd42d",2,,,,,,,,,,,"2024-07-25 11:38:12.059827","2024-07-25 11:38:12.059827",0,
281,267,267,256,264,233,1,,19,2,1,1169,,1170,1174,1171,1172,1173,"4b96f0db-2496-4cd6-9ea6-d5fd634992e2",,13,ACU20240281,"93bf71488ff74681b0d51d0790593645",5,Mechanical Engineering,Qualified,Recommended,"2024-07-26 13:09:23.584371",Mechanical Engineering,Admitted,,"2024-07-29 18:14:59.739383","224f1516-0444-47d2-ab99-39817c7165a4",a6e746a3-8650-4f85-b8e5-8f9e1df295fd,"2024-07-25 13:44:00.484186","2024-07-25 13:44:00.484187",0,
282,270,270,259,267,235,1,,6,2,1,1175,,1176,1177,,,,"3f04febf-d00a-4796-8403-e452ea0dc4e3",,13,ACU20240282,"7666c9a8ca8e41819813ea56e9fc84be",5,Medical Laboratory Science,Qualified,Recommended,"2024-07-26 08:22:19.805419",Medical Laboratory Science,Admitted,,"2024-07-29 18:15:22.429701","224f1516-0444-47d2-ab99-39817c7165a4",a6e746a3-8650-4f85-b8e5-8f9e1df295fd,"2024-07-25 14:54:54.025631","2024-07-25 14:54:54.025631",0,
283,268,268,257,266,234,0,,,10,,,,,,,,,c8e56c19-692f-454d-a2af-f8d16f9c4e8d,,13,ACU20240283,d1a5386e4cea4fa2aaded16cf013acd4,2,,,,,,,,,,,"2024-07-25 15:02:55.241730","2024-07-25 15:02:55.241730",0,
284,272,272,260,269,238,1,,7,2,1,1260,,1261,1262,1263,1264,1265,"897f8ed1-304c-4181-a96e-0066f3cb5d32",,13,ACU20240284,"71e6e9875bf7499a913415ee3ada43f9",5,Nursing,Qualified,Recommended,"2024-07-29 10:15:27.986954",Nursing,Admitted,,"2024-07-29 18:15:42.725277","224f1516-0444-47d2-ab99-39817c7165a4",a6e746a3-8650-4f85-b8e5-8f9e1df295fd,"2024-07-25 16:53:29.226610","2024-07-25 16:53:29.226610",0,
285,273,273,263,270,,0,,,2,,,,,,,,,"58bfc11a-9665-433a-a4ba-155118da93e3",,13,ACU20240285,bfd79b0645ee4985892987b81b294eef,2,,,,,,,,,,,"2024-07-26 09:57:17.753469","2024-07-26 09:57:17.753469",0,
286,275,275,264,271,240,1,,,2,,,,1241,1240,1237,1238,1239,aa850a53-75f0-4127-8c93-6d35d7990c63,,13,ACU20240286,"",3,,,,,,,,,,,"2024-07-26 11:59:11.523741","2024-07-26 11:59:11.523742",0,
287,274,274,265,272,241,1,,,2,,1242,,,1243,1250,,1249,"1611349f-5eee-452c-b548-62291aff7814",,13,ACU20240287,"",3,,,,,,,,,,,"2024-07-26 12:12:11.413932","2024-07-26 12:12:11.413932",0,
288,276,276,266,273,242,1,,9,2,1,,,1244,1245,1247,1246,1248,"0e8ff396-6808-4f43-8152-0a0ac253f0ed",,13,ACU20240288,c9dd739ee15e4bf9986a7585645c1ed8,5,Communication and Media Studies,Qualified,Recommended,"2024-07-29 09:27:34.992885",Communication and Media Studies,Admitted,,"2024-07-29 18:16:07.541348","224f1516-0444-47d2-ab99-39817c7165a4",a6e746a3-8650-4f85-b8e5-8f9e1df295fd,"2024-07-26 12:58:51.206462","2024-07-26 12:58:51.206462",0,
289,277,277,267,274,243,0,,,2,,,,,,,,,f5774b5f-6280-43b3-a91c-12d7705cd59b,,13,ACU20240289,df96e3a72d7748a7b0e96644cd7ac600,2,,,,,,,,,,,"2024-07-26 16:41:37.538117","2024-07-26 16:41:37.538117",0,
290,278,278,,275,,0,,,2,,,,,,,,,eb1d0f17-392e-4d44-b8d9-ce75f38c7643,,13,ACU20240290,"734fdd44acb44b0d8d0ca5c67dfdaac7",2,,,,,,,,,,,"2024-07-26 17:11:23.340336","2024-07-26 17:11:23.340336",0,
291,279,279,268,276,244,1,,,2,,,,1290,,1288,,1289,d1c7aec0-9e8f-4f68-8715-fa7b688443e5,,13,ACU20240291,"3a3f282d080340e9bdef2f39003bbca6",3,,,,,,,,,,,"2024-07-26 18:55:04.951477","2024-07-26 18:55:04.951477",0,
292,281,,,,,0,,,2,,,,,,,,,e210ce8e-799b-4fed-b1a9-aa8dd2ea1ee2,,13,ACU20240292,"",2,,,,,,,,,,,"2024-07-26 20:15:06.283195","2024-07-26 20:15:06.283196",0,
293,280,280,270,277,,0,,,2,,,,,,,,,"34d1a636-bb8b-4c8e-994a-cbc8ce8faca0",,13,ACU20240293,"5c5571be4f574fecba5ea8187d5041f8",2,,,,,,,,,,,"2024-07-26 23:17:19.306872","2024-07-26 23:17:19.306872",0,
294,282,282,272,279,246,0,,,2,,,,,,,,,"87683aed-3771-4b31-8373-79a6bc7b6916",,13,ACU20240294,"822171412024458b82762df0d4de9a2e",2,,,,,,,,,,,"2024-07-27 10:04:23.586854","2024-07-27 10:04:23.586855",0,
295,283,283,273,280,247,1,,,2,,,,,1273,,,,"4a87c7a2-2419-4660-aa92-f98797a23594",,13,ACU20240295,"6fbbfc2f7c544f0e9fc9a98b03d33dfb",3,,,,,,,,,,,"2024-07-27 11:39:19.691714","2024-07-27 11:39:19.691714",0,
296,284,284,,281,,0,,,2,,,,,,,,,d05d3836-f407-443c-beae-8f41c314f3e9,,13,ACU20240296,d07aefbba25244afa24e609158aa8ddf,2,,,,,,,,,,,"2024-07-27 14:11:26.534910","2024-07-27 14:11:26.534910",0,
297,285,285,274,282,248,0,,,2,,,,,,,,,"58375a08-a21d-41ca-9462-ff036c5d2a27",,13,ACU20240297,"000e41e827e045739fab2457cf8dd146",2,,,,,,,,,,,"2024-07-27 16:54:18.441587","2024-07-27 16:54:18.441587",0,
298,286,286,275,283,249,1,,31,2,1,,,,1276,,,,"40c58cf7-9bb2-4ce1-8f86-48ae2bc510dd",,13,ACU20240298,"82e62df5704a482d8940db5b3751d816",5,Computer Science,Qualified,Recommended,"2024-07-29 09:22:43.286114",Computer Science,Admitted,,"2024-07-29 18:16:43.478771","224f1516-0444-47d2-ab99-39817c7165a4",a6e746a3-8650-4f85-b8e5-8f9e1df295fd,"2024-07-27 17:43:39.226614","2024-07-27 17:43:39.226614",0,
299,287,287,276,284,250,1,,,2,,,,,,,,,"1fd944d7-3cbd-4acf-91d6-8ce9622aaa7d",,13,ACU20240299,"62556f87baac4dcc9bfa340eb8bc3e3a",3,,,,,,,,,,,"2024-07-27 19:04:26.061334","2024-07-27 19:04:26.061334",0,
300,289,289,278,286,252,1,,24,2,1,,,,1283,,,,a30bb4a1-8ff2-4abc-8e83-624be826c39a,,13,ACU20240300,"55a3169e4039415997ade9978fd51da5",5,Performing Arts and Music,Qualified,Recommended,"2024-07-29 09:24:14.232788",Performing Arts and Music,Admitted,,"2024-07-29 17:59:32.720347","224f1516-0444-47d2-ab99-39817c7165a4",a6e746a3-8650-4f85-b8e5-8f9e1df295fd,"2024-07-27 22:55:25.518750","2024-07-27 22:55:25.518750",0,
301,288,288,277,285,251,0,,,2,,1277,1278,1279,,,,,f2a91d43-539e-414f-9e64-bd4b8b0e3db7,,13,ACU20240301,"6c4163c604ae42b1b8a925896b2c854c",2,,,,,,,,,,,"2024-07-27 23:01:15.644827","2024-07-27 23:01:15.644827",0,
302,,,,,,0,,,2,,,,,,,,,"4a4ec306-43d1-468c-8406-cd85260c21fd",,13,ACU20240302,"58cc80e44ef9450bb56c8b6cd01ebec3",2,,,,,,,,,,,"2024-07-28 06:26:19.311147","2024-07-28 06:26:19.311147",0,
303,290,290,280,287,254,1,,,2,,1285,,,,,,,"15e99a73-30ab-435e-a338-2d8d8f4f8199",,13,ACU20240303,"4be2fb3aa9c8466a8eeb55c60f0c62b3",3,,,,,,,,,,,"2024-07-28 15:10:42.157160","2024-07-28 15:10:42.157161",0,
304,291,291,281,288,255,0,,,2,,1287,,,,,,,"0eefdbde-7b27-44d1-8c2d-f77b88614759",,13,ACU20240304,aa074568983745c28709f3e080f6c3a6,2,,,,,,,,,,,"2024-07-28 19:52:52.129454","2024-07-28 19:52:52.129454",0,
305,292,292,282,289,,0,,,2,,,,,,,,,"5709598b-e856-40a9-8579-46a8ef97fc98",,13,ACU20240305,f7a538ff6ed24c5d9c5a75f8b5cd5aee,2,,,,,,,,,,,"2024-07-28 21:49:25.716419","2024-07-28 21:49:25.716419",0,
306,293,293,283,290,256,1,,,2,,,,1333,,,,,"59393412-b2dc-4ceb-a31e-730b93b5a1dc",,13,ACU20240306,bff81a7748d1488992c21c15cf9400b1,3,,,,,,,,,,,"2024-07-29 10:47:45.175753","2024-07-29 10:47:45.175754",0,
307,294,294,284,291,257,0,,,2,,,,,,,,,"1bd728e0-cada-49aa-b181-85ef99fdd098",,13,ACU20240307,"1d6895d338ca4b2da96ad1c2edf656c6",2,,,,,,,,,,,"2024-07-29 11:08:00.814436","2024-07-29 11:08:00.814437",0,
308,298,298,289,295,261,1,,,2,,,,1301,,,,,"24005760-0bf3-48c9-95be-00751eff5fb2",,13,ACU20240308,"",3,,,,,,,,,,,"2024-07-29 11:21:45.657388","2024-07-29 11:21:45.657389",0,
309,295,295,285,292,258,0,,,2,,,,,,,,,ec88d9c1-ebd9-482c-9c65-191b34478136,,13,ACU20240309,"",2,,,,,,,,,,,"2024-07-29 11:38:00.883548","2024-07-29 11:38:00.883548",0,
310,297,297,288,294,260,1,,25,10,2,1294,1295,1296,,1297,,,b3db2981-04a0-47db-ac48-e71de8008740,,13,ACU20240310,"",5,,,,,Religious Studies,Admitted,,"2024-07-30 10:47:14.650983","19769069-65bf-411a-b2bf-9da379a47e91",,"2024-07-29 12:07:55.008328","2024-07-29 12:07:55.008328",0,
311,302,302,286,299,263,1,,,2,,1306,,1307,1308,1309,1310,1311,cd40931c-abe2-40f8-b08f-34162c8527d4,,13,ACU20240311,"",3,,,,,,,,,,,"2024-07-29 13:22:54.228615","2024-07-29 13:22:54.228616",0,
312,,,,,,0,,,2,,,,,,,,,"102f96f8-334f-441e-8b4a-afb840ff4775",,13,ACU20240312,"",2,,,,,,,,,,,"2024-07-29 13:33:34.867539","2024-07-29 13:33:34.867540",0,
313,,,,,,0,,,2,,,,,,,,,"0a910ecb-609c-43ba-9fb8-1f43757db0b9",,14,ACU20240313,"",2,,,,,,,,,,,"2024-07-29 14:16:12.856018","2024-07-29 14:16:12.856018",0,
314,296,296,287,293,259,1,,25,10,2,1291,1292,1293,,,,,"5265e9f5-7fa4-4585-81f8-b4d18db25058",,14,ACU20240314,"76cb92c8dd1c4e9cbf556760f6fadc8e",5,Religious Studies,,Recommended,"2024-07-30 12:44:15.350360",Religious Studies,Admitted,,"2024-07-30 12:49:00.613489","19769069-65bf-411a-b2bf-9da379a47e91","8b752162-f831-49f8-a951-39b7789ac371","2024-07-29 14:54:50.182368","2024-07-29 14:54:50.182368",0,
315,299,299,290,296,262,0,,,2,,,,,,,,,aacd49da-f558-4e88-9b3f-53f1a40ea295,,14,ACU20240315,"5568e7744fb24a3ca64f46ad3279c0aa",2,,,,,,,,,,,"2024-07-29 17:02:30.928466","2024-07-29 17:02:30.928467",0,
316,300,300,291,297,,0,,,2,,,,,,,,,"989a13a3-7e4a-4da5-8587-eaa63a78b084",,14,ACU20240316,"2e974db627f04f7f8c39b41da7a36698",2,,,,,,,,,,,"2024-07-29 17:28:16.996520","2024-07-29 17:28:16.996520",0,
317,301,301,,298,,0,,,10,,,,,,,,,a69e9bb0-22ef-4683-930b-d885e06d9e8e,,14,ACU20240317,"60276302975846e295de572de9cc073a",2,,,,,,,,,,,"2024-07-29 17:54:03.129622","2024-07-29 17:54:03.129622",0,
318,304,304,294,301,266,0,,,2,,1323,,,,,,,f5f648ad-4f4f-4265-9786-ba92572bda7b,,14,ACU20240318,cdb61a5b1856478082b9a656d8db6dc1,2,,,,,,,,,,,"2024-07-30 06:48:19.410775","2024-07-30 06:48:19.410775",0,
319,303,303,292,300,,0,,,2,,,,,,,,,b8ac764f-1909-4c70-945c-b8a2ca0e9ebc,,14,ACU20240319,"0f623eacd2b84941a1b4453d00e9fc7f",2,,,,,,,,,,,"2024-07-30 06:59:56.860908","2024-07-30 06:59:56.860908",0,
320,,,,,,0,,,2,,,,,,,,,"50a7447c-99a4-41f5-916b-7876e8a152aa",,14,ACU20240320,"",2,,,,,,,,,,,"2024-07-30 08:50:59.598281","2024-07-30 08:50:59.598281",0,
321,309,309,299,306,270,0,,,2,,,,,,,,,b3bd7db9-32a5-4d2b-a15d-f88cd08480ba,,14,ACU20240321,"",2,,,,,,,,,,,"2024-07-30 09:26:25.249043","2024-07-30 09:26:25.249043",0,
322,305,305,295,302,,0,,,2,,,,,,,,,b3ac9f67-bf29-45c7-bf3f-d2b3149c38f7,,14,ACU20240322,"29533444f2ac45478491fa6189250fe6",2,,,,,,,,,,,"2024-07-30 10:05:22.952263","2024-07-30 10:05:22.952264",0,
323,306,306,297,303,268,1,,,2,,1327,,1328,1329,1330,,,f4dfd8aa-167e-48e5-b867-5a9ba770c84a,,14,ACU20240323,"36ab095601ed42ce925f22fd449317fb",3,,,,,,,,,,,"2024-07-30 10:39:33.328291","2024-07-30 10:39:33.328291",0,
324,307,307,296,304,267,0,,,2,,,,,,,,,"4b152ffc-b479-46fe-bd26-a481606307ef",,14,ACU20240324,fcda773f7abd4b6589fe32a1185511b9,2,,,,,,,,,,,"2024-07-30 11:06:34.030562","2024-07-30 11:06:34.030562",0,
325,308,308,298,305,269,1,,,2,,1339,1338,1340,1337,,,,"6f0398b5-7f89-4d7b-b821-e447f402dea0",,14,ACU20240325,"8b77097ed2e5455098572f926ae4a6d9",3,,,,,,,,,,,"2024-07-30 13:32:55.976850","2024-07-30 13:32:55.976850",0,
