"Id","Name","Description","StateId","CreatedDate","UpdatedDate"
1,Bende,"",1,"2024-04-20 00:00:00","2024-04-20 00:00:00"
2,Ikwuano,"",1,"2024-04-20 00:00:00","2024-04-20 00:00:00"
3,Aba North,"",1,"2024-04-20 00:00:00","2024-04-20 00:00:00"
4,Aba South,"",1,"2024-04-20 00:00:00","2024-04-20 00:00:00"
5,Arochukwu,"",1,"2024-04-20 00:00:00","2024-04-20 00:00:00"
6,Isiala Ngwa North,"",1,"2024-04-20 00:00:00","2024-04-20 00:00:00"
7,Isiala Ngwa South,"",1,"2024-04-20 00:00:00","2024-04-20 00:00:00"
8,Isuikwuato,"",1,"2024-04-20 00:00:00","2024-04-20 00:00:00"
9,Obi Ngwa,"",1,"2024-04-20 00:00:00","2024-04-20 00:00:00"
10,Ohafia,"",1,"2024-04-20 00:00:00","2024-04-20 00:00:00"
11,Osisioma Ngwa,"",1,"2024-04-20 00:00:00","2024-04-20 00:00:00"
12,Ugwunagbo,"",1,"2024-04-20 00:00:00","2024-04-20 00:00:00"
13,Ukwa East,"",1,"2024-04-20 00:00:00","2024-04-20 00:00:00"
14,Ukwa West,"",1,"2024-04-20 00:00:00","2024-04-20 00:00:00"
15,Umuahia North,"",1,"2024-04-20 00:00:00","2024-04-20 00:00:00"
16,Umuahia South,"",1,"2024-04-20 00:00:00","2024-04-20 00:00:00"
17,Umu Nneochi,"",1,"2024-04-20 00:00:00","2024-04-20 00:00:00"
18,Girei,"",2,"2024-04-20 00:00:00","2024-04-20 00:00:00"
19,Gombi,"",2,"2024-04-20 00:00:00","2024-04-20 00:00:00"
20,Jada,"",2,"2024-04-20 00:00:00","2024-04-20 00:00:00"
21,Demsa,"",2,"2024-04-20 00:00:00","2024-04-20 00:00:00"
22,Fufore,"",2,"2024-04-20 00:00:00","2024-04-20 00:00:00"
23,Ganye,"",2,"2024-04-20 00:00:00","2024-04-20 00:00:00"
24,Lamurde,"",2,"2024-04-20 00:00:00","2024-04-20 00:00:00"
25,Madagali,"",2,"2024-04-20 00:00:00","2024-04-20 00:00:00"
26,Maiha,"",2,"2024-04-20 00:00:00","2024-04-20 00:00:00"
27,Mayo-Belwa,"",2,"2024-04-20 00:00:00","2024-04-20 00:00:00"
28,Guyuk,"",2,"2024-04-20 00:00:00","2024-04-20 00:00:00"
29,Hong,"",2,"2024-04-20 00:00:00","2024-04-20 00:00:00"
30,Michika,"",2,"2024-04-20 00:00:00","2024-04-20 00:00:00"
31,Numan,"",2,"2024-04-20 00:00:00","2024-04-20 00:00:00"
32,Shelleng,"",2,"2024-04-20 00:00:00","2024-04-20 00:00:00"
33,Song,"",2,"2024-04-20 00:00:00","2024-04-20 00:00:00"
34,Mubi North,"",2,"2024-04-20 00:00:00","2024-04-20 00:00:00"
35,Mubi South,"",2,"2024-04-20 00:00:00","2024-04-20 00:00:00"
36,Toungo,"",2,"2024-04-20 00:00:00","2024-04-20 00:00:00"
37,Yola North,"",2,"2024-04-20 00:00:00","2024-04-20 00:00:00"
38,Yola South,"",2,"2024-04-20 00:00:00","2024-04-20 00:00:00"
39,Ikono,"",3,"2024-04-20 00:00:00","2024-04-20 00:00:00"
40,Eket,"",3,"2024-04-20 00:00:00","2024-04-20 00:00:00"
41,Esit-Eket,"",3,"2024-04-20 00:00:00","2024-04-20 00:00:00"
42,Abak,"",3,"2024-04-20 00:00:00","2024-04-20 00:00:00"
43,Eastern Obolo,"",3,"2024-04-20 00:00:00","2024-04-20 00:00:00"
44,Ibesikpo-Asutan,"",3,"2024-04-20 00:00:00","2024-04-20 00:00:00"
45,Ibeno,"",3,"2024-04-20 00:00:00","2024-04-20 00:00:00"
46,Ibiono-Ibom,"",3,"2024-04-20 00:00:00","2024-04-20 00:00:00"
47,Ika,"",3,"2024-04-20 00:00:00","2024-04-20 00:00:00"
48,Essien Udim,"",3,"2024-04-20 00:00:00","2024-04-20 00:00:00"
49,Etim-Ekpo,"",3,"2024-04-20 00:00:00","2024-04-20 00:00:00"
50,Etinan,"",3,"2024-04-20 00:00:00","2024-04-20 00:00:00"
51,Nsit-Atai,"",3,"2024-04-20 00:00:00","2024-04-20 00:00:00"
52,Nsit-Ibom,"",3,"2024-04-20 00:00:00","2024-04-20 00:00:00"
53,Nsit-Ubium,"",3,"2024-04-20 00:00:00","2024-04-20 00:00:00"
54,Obot-Akara,"",3,"2024-04-20 00:00:00","2024-04-20 00:00:00"
55,Ini,"",3,"2024-04-20 00:00:00","2024-04-20 00:00:00"
56,Itu,"",3,"2024-04-20 00:00:00","2024-04-20 00:00:00"
57,Mbo,"",3,"2024-04-20 00:00:00","2024-04-20 00:00:00"
58,Mkpat-Enin,"",3,"2024-04-20 00:00:00","2024-04-20 00:00:00"
59,Ikot Abasi,"",3,"2024-04-20 00:00:00","2024-04-20 00:00:00"
60,Ikot Ekpene,"",3,"2024-04-20 00:00:00","2024-04-20 00:00:00"
61,Okobo,"",3,"2024-04-20 00:00:00","2024-04-20 00:00:00"
62,"Onna, Oron","",3,"2024-04-20 00:00:00","2024-04-20 00:00:00"
63,Oruk Anam,"",3,"2024-04-20 00:00:00","2024-04-20 00:00:00"
64,Urue-Offong/Oruko,"",3,"2024-04-20 00:00:00","2024-04-20 00:00:00"
65,Uyo,"",3,"2024-04-20 00:00:00","2024-04-20 00:00:00"
66,Ukanafun,"",3,"2024-04-20 00:00:00","2024-04-20 00:00:00"
67,Udung-Uko,"",3,"2024-04-20 00:00:00","2024-04-20 00:00:00"
68,Uruan,"",3,"2024-04-20 00:00:00","2024-04-20 00:00:00"
69,Aguata,"",4,"2024-04-20 00:00:00","2024-04-20 00:00:00"
70,Anambra East,"",4,"2024-04-20 00:00:00","2024-04-20 00:00:00"
71,Anambra West,"",4,"2024-04-20 00:00:00","2024-04-20 00:00:00"
72,Anaocha,"",4,"2024-04-20 00:00:00","2024-04-20 00:00:00"
73,Ayamelum,"",4,"2024-04-20 00:00:00","2024-04-20 00:00:00"
74,Awka North,"",4,"2024-04-20 00:00:00","2024-04-20 00:00:00"
75,Awka South,"",4,"2024-04-20 00:00:00","2024-04-20 00:00:00"
76,Ihiala,"",4,"2024-04-20 00:00:00","2024-04-20 00:00:00"
77,Njikoka,"",4,"2024-04-20 00:00:00","2024-04-20 00:00:00"
78,Nnewi North,"",4,"2024-04-20 00:00:00","2024-04-20 00:00:00"
79,Nnewi South,"",4,"2024-04-20 00:00:00","2024-04-20 00:00:00"
80,Dunukofia,"",4,"2024-04-20 00:00:00","2024-04-20 00:00:00"
81,Ekwusigo,"",4,"2024-04-20 00:00:00","2024-04-20 00:00:00"
82,Idemili North,"",4,"2024-04-20 00:00:00","2024-04-20 00:00:00"
83,Idemili South,"",4,"2024-04-20 00:00:00","2024-04-20 00:00:00"
84,Ogbaru,"",4,"2024-04-20 00:00:00","2024-04-20 00:00:00"
85,Onitsha North,"",4,"2024-04-20 00:00:00","2024-04-20 00:00:00"
86,Onitsha South,"",4,"2024-04-20 00:00:00","2024-04-20 00:00:00"
87,Orumba North,"",4,"2024-04-20 00:00:00","2024-04-20 00:00:00"
88,Orumba South,"",4,"2024-04-20 00:00:00","2024-04-20 00:00:00"
89,Oyi,"",4,"2024-04-20 00:00:00","2024-04-20 00:00:00"
90,Bogoro,"",5,"2024-04-20 00:00:00","2024-04-20 00:00:00"
91,Ningi,"",5,"2024-04-20 00:00:00","2024-04-20 00:00:00"
92,Warji,"",5,"2024-04-20 00:00:00","2024-04-20 00:00:00"
93,Dass,"",5,"2024-04-20 00:00:00","2024-04-20 00:00:00"
94,Toro,"",5,"2024-04-20 00:00:00","2024-04-20 00:00:00"
95,Ganjuwa,"",5,"2024-04-20 00:00:00","2024-04-20 00:00:00"
96,"Kirfi, and","",5,"2024-04-20 00:00:00","2024-04-20 00:00:00"
97,Alkaleri,"",5,"2024-04-20 00:00:00","2024-04-20 00:00:00"
98,Bauchi,"",5,"2024-04-20 00:00:00","2024-04-20 00:00:00"
99,Tafawa Balewa,"",5,"2024-04-20 00:00:00","2024-04-20 00:00:00"
100,Darazo,"",5,"2024-04-20 00:00:00","2024-04-20 00:00:00"
101,Misau,"",5,"2024-04-20 00:00:00","2024-04-20 00:00:00"
102,Katagum,"",5,"2024-04-20 00:00:00","2024-04-20 00:00:00"
103,Itas/Gadau,"",5,"2024-04-20 00:00:00","2024-04-20 00:00:00"
104,Giade,"",5,"2024-04-20 00:00:00","2024-04-20 00:00:00"
105,Shira,"",5,"2024-04-20 00:00:00","2024-04-20 00:00:00"
106,Jama’are,"",5,"2024-04-20 00:00:00","2024-04-20 00:00:00"
107,Zaki,"",5,"2024-04-20 00:00:00","2024-04-20 00:00:00"
108,Gamawa,"",5,"2024-04-20 00:00:00","2024-04-20 00:00:00"
109,Dambam,"",5,"2024-04-20 00:00:00","2024-04-20 00:00:00"
110,Kolokuma/Opokuma,"",6,"2024-04-20 00:00:00","2024-04-20 00:00:00"
111,Nembe,"",6,"2024-04-20 00:00:00","2024-04-20 00:00:00"
112,Ogbia,"",6,"2024-04-20 00:00:00","2024-04-20 00:00:00"
113,Sagbama,"",6,"2024-04-20 00:00:00","2024-04-20 00:00:00"
114,Brass,"",6,"2024-04-20 00:00:00","2024-04-20 00:00:00"
115,Ekeremor,"",6,"2024-04-20 00:00:00","2024-04-20 00:00:00"
116,Southern Ijaw,"",6,"2024-04-20 00:00:00","2024-04-20 00:00:00"
117,Yenagoa,"",6,"2024-04-20 00:00:00","2024-04-20 00:00:00"
118,Guma,"",7,"2024-04-20 00:00:00","2024-04-20 00:00:00"
119,Gwer East,"",7,"2024-04-20 00:00:00","2024-04-20 00:00:00"
120,Gwer West,"",7,"2024-04-20 00:00:00","2024-04-20 00:00:00"
121,Katsina-Ala,"",7,"2024-04-20 00:00:00","2024-04-20 00:00:00"
122,Konshisha,"",7,"2024-04-20 00:00:00","2024-04-20 00:00:00"
123,Ado,"",7,"2024-04-20 00:00:00","2024-04-20 00:00:00"
124,Buruku,"",7,"2024-04-20 00:00:00","2024-04-20 00:00:00"
125,Gboko,"",7,"2024-04-20 00:00:00","2024-04-20 00:00:00"
126,Kwande,"",7,"2024-04-20 00:00:00","2024-04-20 00:00:00"
127,Logo,"",7,"2024-04-20 00:00:00","2024-04-20 00:00:00"
128,Makurdi,"",7,"2024-04-20 00:00:00","2024-04-20 00:00:00"
129,Obi,"",7,"2024-04-20 00:00:00","2024-04-20 00:00:00"
130,Ogbadibo,"",7,"2024-04-20 00:00:00","2024-04-20 00:00:00"
131,"Ohimini, Oju","",7,"2024-04-20 00:00:00","2024-04-20 00:00:00"
132,Agatu,"",7,"2024-04-20 00:00:00","2024-04-20 00:00:00"
133,Apa,"",7,"2024-04-20 00:00:00","2024-04-20 00:00:00"
134,Okpokwu,"",7,"2024-04-20 00:00:00","2024-04-20 00:00:00"
135,Otukpo,"",7,"2024-04-20 00:00:00","2024-04-20 00:00:00"
136,Tarka,"",7,"2024-04-20 00:00:00","2024-04-20 00:00:00"
137,Bayo,"",8,"2024-04-20 00:00:00","2024-04-20 00:00:00"
138,Biu,"",8,"2024-04-20 00:00:00","2024-04-20 00:00:00"
139,Chibok,"",8,"2024-04-20 00:00:00","2024-04-20 00:00:00"
140,Damboa,"",8,"2024-04-20 00:00:00","2024-04-20 00:00:00"
141,Dikwagubio,"",8,"2024-04-20 00:00:00","2024-04-20 00:00:00"
142,Guzamala,"",8,"2024-04-20 00:00:00","2024-04-20 00:00:00"
143,Abadan,"",8,"2024-04-20 00:00:00","2024-04-20 00:00:00"
144,Askira/Uba,"",8,"2024-04-20 00:00:00","2024-04-20 00:00:00"
145,Bama,"",8,"2024-04-20 00:00:00","2024-04-20 00:00:00"
146,Gwoza,"",8,"2024-04-20 00:00:00","2024-04-20 00:00:00"
147,Ukum,"",8,"2024-04-20 00:00:00","2024-04-20 00:00:00"
148,Ushongo,"",8,"2024-04-20 00:00:00","2024-04-20 00:00:00"
149,Vandeikya,"",8,"2024-04-20 00:00:00","2024-04-20 00:00:00"
150,Kalka/Balge,"",8,"2024-04-20 00:00:00","2024-04-20 00:00:00"
151,Maiduguri,"",8,"2024-04-20 00:00:00","2024-04-20 00:00:00"
152,Marte,"",8,"2024-04-20 00:00:00","2024-04-20 00:00:00"
153,Mobbar,"",8,"2024-04-20 00:00:00","2024-04-20 00:00:00"
154,Monguno,"",8,"2024-04-20 00:00:00","2024-04-20 00:00:00"
155,Konduga,"",8,"2024-04-20 00:00:00","2024-04-20 00:00:00"
156,Kukawa,"",8,"2024-04-20 00:00:00","2024-04-20 00:00:00"
157,Borno State,"",8,"2024-04-20 00:00:00","2024-04-20 00:00:00"
158,Hawul,"",8,"2024-04-20 00:00:00","2024-04-20 00:00:00"
159,Jere,"",8,"2024-04-20 00:00:00","2024-04-20 00:00:00"
160,Kaga,"",8,"2024-04-20 00:00:00","2024-04-20 00:00:00"
161,Kwaya-ku,"",8,"2024-04-20 00:00:00","2024-04-20 00:00:00"
162,Mafa,"",8,"2024-04-20 00:00:00","2024-04-20 00:00:00"
163,Magumeri,"",8,"2024-04-20 00:00:00","2024-04-20 00:00:00"
164,Ngala,"",8,"2024-04-20 00:00:00","2024-04-20 00:00:00"
165,Nganzai,"",8,"2024-04-20 00:00:00","2024-04-20 00:00:00"
166,Shani,"",8,"2024-04-20 00:00:00","2024-04-20 00:00:00"
167,Calabar Municipal,"",9,"2024-04-20 00:00:00","2024-04-20 00:00:00"
168,Calabar South,"",9,"2024-04-20 00:00:00","2024-04-20 00:00:00"
169,Etung,"",9,"2024-04-20 00:00:00","2024-04-20 00:00:00"
170,Ikom,"",9,"2024-04-20 00:00:00","2024-04-20 00:00:00"
171,Obanliku,"",9,"2024-04-20 00:00:00","2024-04-20 00:00:00"
172,Abi,"",9,"2024-04-20 00:00:00","2024-04-20 00:00:00"
173,Akamkpa,"",9,"2024-04-20 00:00:00","2024-04-20 00:00:00"
174,Biase,"",9,"2024-04-20 00:00:00","2024-04-20 00:00:00"
175,Boki,"",9,"2024-04-20 00:00:00","2024-04-20 00:00:00"
176,Obubra,"",9,"2024-04-20 00:00:00","2024-04-20 00:00:00"
177,Obudu,"",9,"2024-04-20 00:00:00","2024-04-20 00:00:00"
178,Odukpani,"",9,"2024-04-20 00:00:00","2024-04-20 00:00:00"
179,Akpabuyo,"",9,"2024-04-20 00:00:00","2024-04-20 00:00:00"
180,Bakassi,"",9,"2024-04-20 00:00:00","2024-04-20 00:00:00"
181,Bekwarra,"",9,"2024-04-20 00:00:00","2024-04-20 00:00:00"
182,Ogoja,"",9,"2024-04-20 00:00:00","2024-04-20 00:00:00"
183,Yakuur,"",9,"2024-04-20 00:00:00","2024-04-20 00:00:00"
184,Yala,"",9,"2024-04-20 00:00:00","2024-04-20 00:00:00"
185,Ethiope west,"",10,"2024-04-20 00:00:00","2024-04-20 00:00:00"
186,Ethiope east,"",10,"2024-04-20 00:00:00","2024-04-20 00:00:00"
187,Ika south,"",10,"2024-04-20 00:00:00","2024-04-20 00:00:00"
188,Ika north east,"",10,"2024-04-20 00:00:00","2024-04-20 00:00:00"
189,Isoko south,"",10,"2024-04-20 00:00:00","2024-04-20 00:00:00"
190,Isoko north,"",10,"2024-04-20 00:00:00","2024-04-20 00:00:00"
191,Aniocha south,"",10,"2024-04-20 00:00:00","2024-04-20 00:00:00"
192,Anioha,"",10,"2024-04-20 00:00:00","2024-04-20 00:00:00"
193,Bomadi,"",10,"2024-04-20 00:00:00","2024-04-20 00:00:00"
194,Burutu,"",10,"2024-04-20 00:00:00","2024-04-20 00:00:00"
195,Ukwuani,"",10,"2024-04-20 00:00:00","2024-04-20 00:00:00"
196,Uviwie,"",10,"2024-04-20 00:00:00","2024-04-20 00:00:00"
197,Warri central,"",10,"2024-04-20 00:00:00","2024-04-20 00:00:00"
198,Warri north,"",10,"2024-04-20 00:00:00","2024-04-20 00:00:00"
199,Warri south,"",10,"2024-04-20 00:00:00","2024-04-20 00:00:00"
200,Okpe,"",10,"2024-04-20 00:00:00","2024-04-20 00:00:00"
201,Oshimili north,"",10,"2024-04-20 00:00:00","2024-04-20 00:00:00"
202,Oshimili south,"",10,"2024-04-20 00:00:00","2024-04-20 00:00:00"
203,Patani,"",10,"2024-04-20 00:00:00","2024-04-20 00:00:00"
204,Sapele,"",10,"2024-04-20 00:00:00","2024-04-20 00:00:00"
205,Ndokwa east,"",10,"2024-04-20 00:00:00","2024-04-20 00:00:00"
206,Ndokwa west,"",10,"2024-04-20 00:00:00","2024-04-20 00:00:00"
207,Udu,"",10,"2024-04-20 00:00:00","2024-04-20 00:00:00"
208,Ughelli south,"",10,"2024-04-20 00:00:00","2024-04-20 00:00:00"
209,Ughelli north,"",10,"2024-04-20 00:00:00","2024-04-20 00:00:00"
210,Izzi,"",11,"2024-04-20 00:00:00","2024-04-20 00:00:00"
211,Abakaliki,"",11,"2024-04-20 00:00:00","2024-04-20 00:00:00"
212,Ezza North,"",11,"2024-04-20 00:00:00","2024-04-20 00:00:00"
213,Ivo,"",11,"2024-04-20 00:00:00","2024-04-20 00:00:00"
214,Afikpo South (Edda),"",11,"2024-04-20 00:00:00","2024-04-20 00:00:00"
215,Ohaozara,"",11,"2024-04-20 00:00:00","2024-04-20 00:00:00"
216,Afikpo North,"",11,"2024-04-20 00:00:00","2024-04-20 00:00:00"
217,Ebonyi,"",11,"2024-04-20 00:00:00","2024-04-20 00:00:00"
218,Ohaukwu,"",11,"2024-04-20 00:00:00","2024-04-20 00:00:00"
219,Onicha,"",11,"2024-04-20 00:00:00","2024-04-20 00:00:00"
220,Ezza South,"",12,"2024-04-20 00:00:00","2024-04-20 00:00:00"
221,Ikwo,"",12,"2024-04-20 00:00:00","2024-04-20 00:00:00"
222,Igbo Eze South,"",12,"2024-04-20 00:00:00","2024-04-20 00:00:00"
223,Aninri,"",12,"2024-04-20 00:00:00","2024-04-20 00:00:00"
224,Awgu,"",12,"2024-04-20 00:00:00","2024-04-20 00:00:00"
225,Isi Uzo,"",12,"2024-04-20 00:00:00","2024-04-20 00:00:00"
226,Nkanu East,"",12,"2024-04-20 00:00:00","2024-04-20 00:00:00"
227,Nkanu West,"",12,"2024-04-20 00:00:00","2024-04-20 00:00:00"
228,Nsukka,"",12,"2024-04-20 00:00:00","2024-04-20 00:00:00"
229,Ishielu,"",12,"2024-04-20 00:00:00","2024-04-20 00:00:00"
230,Enugu East,"",12,"2024-04-20 00:00:00","2024-04-20 00:00:00"
231,Enugu North,"",12,"2024-04-20 00:00:00","2024-04-20 00:00:00"
232,Enugu South,"",12,"2024-04-20 00:00:00","2024-04-20 00:00:00"
233,Oji River,"",12,"2024-04-20 00:00:00","2024-04-20 00:00:00"
234,Udenu,"",12,"2024-04-20 00:00:00","2024-04-20 00:00:00"
235,Udi,"",12,"2024-04-20 00:00:00","2024-04-20 00:00:00"
236,Ezeagu,"",12,"2024-04-20 00:00:00","2024-04-20 00:00:00"
237,Igbo Etiti,"",12,"2024-04-20 00:00:00","2024-04-20 00:00:00"
238,Igbo Eze North,"",12,"2024-04-20 00:00:00","2024-04-20 00:00:00"
239,Uzo-Uwani,"",12,"2024-04-20 00:00:00","2024-04-20 00:00:00"
240,Igueben,"",13,"2024-04-20 00:00:00","2024-04-20 00:00:00"
241,Ikpoba-Okha,"",13,"2024-04-20 00:00:00","2024-04-20 00:00:00"
242,Oredo,"",13,"2024-04-20 00:00:00","2024-04-20 00:00:00"
243,Akoko-Edo,"",13,"2024-04-20 00:00:00","2024-04-20 00:00:00"
244,Egor,"",13,"2024-04-20 00:00:00","2024-04-20 00:00:00"
245,Esan Central,"",13,"2024-04-20 00:00:00","2024-04-20 00:00:00"
246,Esan North-East,"",13,"2024-04-20 00:00:00","2024-04-20 00:00:00"
247,Esan South-East,"",13,"2024-04-20 00:00:00","2024-04-20 00:00:00"
248,Esan West,"",13,"2024-04-20 00:00:00","2024-04-20 00:00:00"
249,Orhionmwon,"",13,"2024-04-20 00:00:00","2024-04-20 00:00:00"
250,Ovia North-East,"",13,"2024-04-20 00:00:00","2024-04-20 00:00:00"
251,Ovia South-West,"",13,"2024-04-20 00:00:00","2024-04-20 00:00:00"
252,Etsako Central,"",13,"2024-04-20 00:00:00","2024-04-20 00:00:00"
253,Etsako East,"",13,"2024-04-20 00:00:00","2024-04-20 00:00:00"
254,Etsako West,"",13,"2024-04-20 00:00:00","2024-04-20 00:00:00"
255,Owan East,"",13,"2024-04-20 00:00:00","2024-04-20 00:00:00"
256,Owan West,"",13,"2024-04-20 00:00:00","2024-04-20 00:00:00"
257,Uhunmwonde,"",13,"2024-04-20 00:00:00","2024-04-20 00:00:00"
258,Efon,"",14,"2024-04-20 00:00:00","2024-04-20 00:00:00"
259,Emure,"",14,"2024-04-20 00:00:00","2024-04-20 00:00:00"
260,Ido-Osi,"",14,"2024-04-20 00:00:00","2024-04-20 00:00:00"
261,Ijero,"",14,"2024-04-20 00:00:00","2024-04-20 00:00:00"
262,Ado-Ekiti,"",14,"2024-04-20 00:00:00","2024-04-20 00:00:00"
263,Ikere,"",14,"2024-04-20 00:00:00","2024-04-20 00:00:00"
264,Oye,"",14,"2024-04-20 00:00:00","2024-04-20 00:00:00"
265,Aiyekire (Gbonyin),"",14,"2024-04-20 00:00:00","2024-04-20 00:00:00"
266,Ikole,"",14,"2024-04-20 00:00:00","2024-04-20 00:00:00"
267,Ilejemeje,"",14,"2024-04-20 00:00:00","2024-04-20 00:00:00"
268,Irepodun/Ifelodun,"",14,"2024-04-20 00:00:00","2024-04-20 00:00:00"
269,Ekiti East,"",14,"2024-04-20 00:00:00","2024-04-20 00:00:00"
270,Ekiti South-West,"",14,"2024-04-20 00:00:00","2024-04-20 00:00:00"
271,Ekiti West,"",14,"2024-04-20 00:00:00","2024-04-20 00:00:00"
272,"Ise/Orun, Moba","",14,"2024-04-20 00:00:00","2024-04-20 00:00:00"
273,Akko,"",15,"2024-04-20 00:00:00","2024-04-20 00:00:00"
274,Balanga,"",15,"2024-04-20 00:00:00","2024-04-20 00:00:00"
275,Billiri,"",15,"2024-04-20 00:00:00","2024-04-20 00:00:00"
276,Dukku,"",15,"2024-04-20 00:00:00","2024-04-20 00:00:00"
277,Dunakaye,"",15,"2024-04-20 00:00:00","2024-04-20 00:00:00"
278,Gombe,"",15,"2024-04-20 00:00:00","2024-04-20 00:00:00"
279,Kaltungo,"",15,"2024-04-20 00:00:00","2024-04-20 00:00:00"
280,Kwami,"",15,"2024-04-20 00:00:00","2024-04-20 00:00:00"
281,Nafada/Bajoga,"",15,"2024-04-20 00:00:00","2024-04-20 00:00:00"
282,Shomgom,"",15,"2024-04-20 00:00:00","2024-04-20 00:00:00"
283,Yamaltu/Deba,"",15,"2024-04-20 00:00:00","2024-04-20 00:00:00"
284,Ezinihitte Mbaise,"",16,"2024-04-20 00:00:00","2024-04-20 00:00:00"
285,Ideato North,"",16,"2024-04-20 00:00:00","2024-04-20 00:00:00"
286,Ideato South,"",16,"2024-04-20 00:00:00","2024-04-20 00:00:00"
287,Ihitte/Uboma,"",16,"2024-04-20 00:00:00","2024-04-20 00:00:00"
288,Aboh Mbaise,"",16,"2024-04-20 00:00:00","2024-04-20 00:00:00"
289,Ahiazu Mbaise,"",16,"2024-04-20 00:00:00","2024-04-20 00:00:00"
290,Ehime Mbano,"",16,"2024-04-20 00:00:00","2024-04-20 00:00:00"
291,Njaba,"",16,"2024-04-20 00:00:00","2024-04-20 00:00:00"
292,Nkwerre,"",16,"2024-04-20 00:00:00","2024-04-20 00:00:00"
293,Nwangele,"",16,"2024-04-20 00:00:00","2024-04-20 00:00:00"
294,Obowo,"",16,"2024-04-20 00:00:00","2024-04-20 00:00:00"
295,Oguta,"",16,"2024-04-20 00:00:00","2024-04-20 00:00:00"
296,Ikeduru,"",16,"2024-04-20 00:00:00","2024-04-20 00:00:00"
297,Isiala Mbano,"",16,"2024-04-20 00:00:00","2024-04-20 00:00:00"
298,Isu,"",16,"2024-04-20 00:00:00","2024-04-20 00:00:00"
299,Mbaitoli,"",16,"2024-04-20 00:00:00","2024-04-20 00:00:00"
300,Ngor Okpala,"",16,"2024-04-20 00:00:00","2024-04-20 00:00:00"
301,Ohaji/Egbema,"",16,"2024-04-20 00:00:00","2024-04-20 00:00:00"
302,Oru East,"",16,"2024-04-20 00:00:00","2024-04-20 00:00:00"
303,Oru West,"",16,"2024-04-20 00:00:00","2024-04-20 00:00:00"
304,Owerri Municipal,"",16,"2024-04-20 00:00:00","2024-04-20 00:00:00"
305,Okigwe,"",16,"2024-04-20 00:00:00","2024-04-20 00:00:00"
306,Onuimo,"",16,"2024-04-20 00:00:00","2024-04-20 00:00:00"
307,Orlu,"",16,"2024-04-20 00:00:00","2024-04-20 00:00:00"
308,Orsu,"",16,"2024-04-20 00:00:00","2024-04-20 00:00:00"
309,Owerri North,"",16,"2024-04-20 00:00:00","2024-04-20 00:00:00"
310,Owerri West,"",16,"2024-04-20 00:00:00","2024-04-20 00:00:00"
311,Nwangele,"",16,"2024-04-20 00:00:00","2024-04-20 00:00:00"
312,Buji,"",17,"2024-04-20 00:00:00","2024-04-20 00:00:00"
313,Dutse,"",17,"2024-04-20 00:00:00","2024-04-20 00:00:00"
314,Gagarawa,"",17,"2024-04-20 00:00:00","2024-04-20 00:00:00"
315,Garki,"",17,"2024-04-20 00:00:00","2024-04-20 00:00:00"
316,Gumel,"",17,"2024-04-20 00:00:00","2024-04-20 00:00:00"
317,Guri,"",17,"2024-04-20 00:00:00","2024-04-20 00:00:00"
318,Gwaram,"",17,"2024-04-20 00:00:00","2024-04-20 00:00:00"
319,Gwiwa,"",17,"2024-04-20 00:00:00","2024-04-20 00:00:00"
320,Auyo,"",17,"2024-04-20 00:00:00","2024-04-20 00:00:00"
321,Babura,"",17,"2024-04-20 00:00:00","2024-04-20 00:00:00"
322,Biriniwa,"",17,"2024-04-20 00:00:00","2024-04-20 00:00:00"
323,Birnin Kudu,"",17,"2024-04-20 00:00:00","2024-04-20 00:00:00"
324,Hadejia,"",17,"2024-04-20 00:00:00","2024-04-20 00:00:00"
325,Jahun,"",17,"2024-04-20 00:00:00","2024-04-20 00:00:00"
326,Kafin Hausa,"",17,"2024-04-20 00:00:00","2024-04-20 00:00:00"
327,Kaugama,"",17,"2024-04-20 00:00:00","2024-04-20 00:00:00"
328,Kazaure,"",17,"2024-04-20 00:00:00","2024-04-20 00:00:00"
329,Kiri Kasama,"",17,"2024-04-20 00:00:00","2024-04-20 00:00:00"
330,Kiyawa,"",17,"2024-04-20 00:00:00","2024-04-20 00:00:00"
331,Maigatari,"",17,"2024-04-20 00:00:00","2024-04-20 00:00:00"
332,Malam Madori,"",17,"2024-04-20 00:00:00","2024-04-20 00:00:00"
333,Miga,"",17,"2024-04-20 00:00:00","2024-04-20 00:00:00"
334,Ringim,"",17,"2024-04-20 00:00:00","2024-04-20 00:00:00"
335,Roni,"",17,"2024-04-20 00:00:00","2024-04-20 00:00:00"
336,Sule Tankarkar,"",17,"2024-04-20 00:00:00","2024-04-20 00:00:00"
337,Taura,"",17,"2024-04-20 00:00:00","2024-04-20 00:00:00"
338,Yankwashi,"",17,"2024-04-20 00:00:00","2024-04-20 00:00:00"
339,Kaduna North,"",18,"2024-04-20 00:00:00","2024-04-20 00:00:00"
340,Kaduna South,"",18,"2024-04-20 00:00:00","2024-04-20 00:00:00"
341,Birnin Gwari,"",18,"2024-04-20 00:00:00","2024-04-20 00:00:00"
342,Chikun,"",18,"2024-04-20 00:00:00","2024-04-20 00:00:00"
343,Giwa,"",18,"2024-04-20 00:00:00","2024-04-20 00:00:00"
344,Igabi,"",18,"2024-04-20 00:00:00","2024-04-20 00:00:00"
345,Kagarko,"",18,"2024-04-20 00:00:00","2024-04-20 00:00:00"
346,Kajuru,"",18,"2024-04-20 00:00:00","2024-04-20 00:00:00"
347,Kaura,"",18,"2024-04-20 00:00:00","2024-04-20 00:00:00"
348,Kauru,"",18,"2024-04-20 00:00:00","2024-04-20 00:00:00"
349,Kubau,"",18,"2024-04-20 00:00:00","2024-04-20 00:00:00"
350,Kudan,"",18,"2024-04-20 00:00:00","2024-04-20 00:00:00"
351,Ikara,"",18,"2024-04-20 00:00:00","2024-04-20 00:00:00"
352,Jaba,"",18,"2024-04-20 00:00:00","2024-04-20 00:00:00"
353,Jema’a,"",18,"2024-04-20 00:00:00","2024-04-20 00:00:00"
354,Kachia,"",18,"2024-04-20 00:00:00","2024-04-20 00:00:00"
355,Lere,"",18,"2024-04-20 00:00:00","2024-04-20 00:00:00"
356,Makarfi,"",18,"2024-04-20 00:00:00","2024-04-20 00:00:00"
357,Soba,"",18,"2024-04-20 00:00:00","2024-04-20 00:00:00"
358,Zangon Kataf,"",18,"2024-04-20 00:00:00","2024-04-20 00:00:00"
359,Sabon Gari,"",18,"2024-04-20 00:00:00","2024-04-20 00:00:00"
360,Sanga,"",18,"2024-04-20 00:00:00","2024-04-20 00:00:00"
361,Zaria,"",18,"2024-04-20 00:00:00","2024-04-20 00:00:00"
362,Ajingi,"",19,"2024-04-20 00:00:00","2024-04-20 00:00:00"
363,Albasu,"",19,"2024-04-20 00:00:00","2024-04-20 00:00:00"
364,Minjibir,"",19,"2024-04-20 00:00:00","2024-04-20 00:00:00"
365,Nassarawa,"",19,"2024-04-20 00:00:00","2024-04-20 00:00:00"
366,Rano,"",19,"2024-04-20 00:00:00","2024-04-20 00:00:00"
367,Bagwai,"",19,"2024-04-20 00:00:00","2024-04-20 00:00:00"
368,Bebeji,"",19,"2024-04-20 00:00:00","2024-04-20 00:00:00"
369,Bichi,"",19,"2024-04-20 00:00:00","2024-04-20 00:00:00"
370,Dawakin Tofa,"",19,"2024-04-20 00:00:00","2024-04-20 00:00:00"
371,Doguwa,"",19,"2024-04-20 00:00:00","2024-04-20 00:00:00"
372,Fagge,"",19,"2024-04-20 00:00:00","2024-04-20 00:00:00"
373,Gabasawa,"",19,"2024-04-20 00:00:00","2024-04-20 00:00:00"
374,Garko,"",19,"2024-04-20 00:00:00","2024-04-20 00:00:00"
375,Garun Mallam,"",19,"2024-04-20 00:00:00","2024-04-20 00:00:00"
376,Gaya,"",19,"2024-04-20 00:00:00","2024-04-20 00:00:00"
377,Gezawa,"",19,"2024-04-20 00:00:00","2024-04-20 00:00:00"
378,Gwale,"",19,"2024-04-20 00:00:00","2024-04-20 00:00:00"
379,Gwarzo,"",19,"2024-04-20 00:00:00","2024-04-20 00:00:00"
380,Bunkure,"",19,"2024-04-20 00:00:00","2024-04-20 00:00:00"
381,Dala,"",19,"2024-04-20 00:00:00","2024-04-20 00:00:00"
382,Dambatta,"",19,"2024-04-20 00:00:00","2024-04-20 00:00:00"
383,Dawakin kudu,"",19,"2024-04-20 00:00:00","2024-04-20 00:00:00"
384,Kabo,"",19,"2024-04-20 00:00:00","2024-04-20 00:00:00"
385,Kano Municipal,"",19,"2024-04-20 00:00:00","2024-04-20 00:00:00"
386,Karaye,"",19,"2024-04-20 00:00:00","2024-04-20 00:00:00"
387,Kibiya,"",19,"2024-04-20 00:00:00","2024-04-20 00:00:00"
388,Kiru,"",19,"2024-04-20 00:00:00","2024-04-20 00:00:00"
389,Kumbtso,"",19,"2024-04-20 00:00:00","2024-04-20 00:00:00"
390,Kunchi,"",19,"2024-04-20 00:00:00","2024-04-20 00:00:00"
391,Kura,"",19,"2024-04-20 00:00:00","2024-04-20 00:00:00"
392,Madobi,"",19,"2024-04-20 00:00:00","2024-04-20 00:00:00"
393,Makoda,"",19,"2024-04-20 00:00:00","2024-04-20 00:00:00"
394,Rimin Gado,"",19,"2024-04-20 00:00:00","2024-04-20 00:00:00"
395,Rogo,"",19,"2024-04-20 00:00:00","2024-04-20 00:00:00"
396,Shanono,"",19,"2024-04-20 00:00:00","2024-04-20 00:00:00"
397,Sumaila,"",19,"2024-04-20 00:00:00","2024-04-20 00:00:00"
398,Takai,"",19,"2024-04-20 00:00:00","2024-04-20 00:00:00"
399,Tarauni,"",19,"2024-04-20 00:00:00","2024-04-20 00:00:00"
400,Tofa,"",19,"2024-04-20 00:00:00","2024-04-20 00:00:00"
401,Tsanyawa,"",19,"2024-04-20 00:00:00","2024-04-20 00:00:00"
402,Tudun Wada,"",19,"2024-04-20 00:00:00","2024-04-20 00:00:00"
403,Ungogo,"",19,"2024-04-20 00:00:00","2024-04-20 00:00:00"
404,Warawa,"",19,"2024-04-20 00:00:00","2024-04-20 00:00:00"
405,Wudil,"",19,"2024-04-20 00:00:00","2024-04-20 00:00:00"
406,Bindawa,"",20,"2024-04-20 00:00:00","2024-04-20 00:00:00"
407,Charanchi,"",20,"2024-04-20 00:00:00","2024-04-20 00:00:00"
408,Dan Musa,"",20,"2024-04-20 00:00:00","2024-04-20 00:00:00"
409,Dandume,"",20,"2024-04-20 00:00:00","2024-04-20 00:00:00"
410,Danja,"",20,"2024-04-20 00:00:00","2024-04-20 00:00:00"
411,Bakori,"",20,"2024-04-20 00:00:00","2024-04-20 00:00:00"
412,Batagarawa,"",20,"2024-04-20 00:00:00","2024-04-20 00:00:00"
413,Batsari,"",20,"2024-04-20 00:00:00","2024-04-20 00:00:00"
414,Baure,"",20,"2024-04-20 00:00:00","2024-04-20 00:00:00"
415,Daura,"",20,"2024-04-20 00:00:00","2024-04-20 00:00:00"
416,Dutsi,"",20,"2024-04-20 00:00:00","2024-04-20 00:00:00"
417,Jibia,"",20,"2024-04-20 00:00:00","2024-04-20 00:00:00"
418,Kafur,"",20,"2024-04-20 00:00:00","2024-04-20 00:00:00"
419,Kaita,"",20,"2024-04-20 00:00:00","2024-04-20 00:00:00"
420,Kankara,"",20,"2024-04-20 00:00:00","2024-04-20 00:00:00"
421,Dutsin-Ma,"",20,"2024-04-20 00:00:00","2024-04-20 00:00:00"
422,Faskari,"",20,"2024-04-20 00:00:00","2024-04-20 00:00:00"
423,Funtua,"",20,"2024-04-20 00:00:00","2024-04-20 00:00:00"
424,Ingawa,"",20,"2024-04-20 00:00:00","2024-04-20 00:00:00"
425,Kankia,"",20,"2024-04-20 00:00:00","2024-04-20 00:00:00"
426,Katsina,"",20,"2024-04-20 00:00:00","2024-04-20 00:00:00"
427,Kurfi,"",20,"2024-04-20 00:00:00","2024-04-20 00:00:00"
428,Kusada,"",20,"2024-04-20 00:00:00","2024-04-20 00:00:00"
429,Mai’Adua,"",20,"2024-04-20 00:00:00","2024-04-20 00:00:00"
430,Malumfashi,"",20,"2024-04-20 00:00:00","2024-04-20 00:00:00"
431,Mani,"",20,"2024-04-20 00:00:00","2024-04-20 00:00:00"
432,Mashi,"",20,"2024-04-20 00:00:00","2024-04-20 00:00:00"
433,Matazu,"",20,"2024-04-20 00:00:00","2024-04-20 00:00:00"
434,Musawa,"",20,"2024-04-20 00:00:00","2024-04-20 00:00:00"
435,Rimi,"",20,"2024-04-20 00:00:00","2024-04-20 00:00:00"
436,Sabuwa,"",20,"2024-04-20 00:00:00","2024-04-20 00:00:00"
437,Safana,"",20,"2024-04-20 00:00:00","2024-04-20 00:00:00"
438,Sandamu,"",20,"2024-04-20 00:00:00","2024-04-20 00:00:00"
439,Zango,"",20,"2024-04-20 00:00:00","2024-04-20 00:00:00"
440,Dandi,"",21,"2024-04-20 00:00:00","2024-04-20 00:00:00"
441,Fakai,"",21,"2024-04-20 00:00:00","2024-04-20 00:00:00"
442,Gwandu,"",21,"2024-04-20 00:00:00","2024-04-20 00:00:00"
443,Jega,"",21,"2024-04-20 00:00:00","2024-04-20 00:00:00"
444,Arewa Dandi,"",21,"2024-04-20 00:00:00","2024-04-20 00:00:00"
445,Argungu,"",21,"2024-04-20 00:00:00","2024-04-20 00:00:00"
446,Augie,"",21,"2024-04-20 00:00:00","2024-04-20 00:00:00"
447,Kalgo,"",21,"2024-04-20 00:00:00","2024-04-20 00:00:00"
448,Sakaba,"",21,"2024-04-20 00:00:00","2024-04-20 00:00:00"
449,Shanga,"",21,"2024-04-20 00:00:00","2024-04-20 00:00:00"
450,Suru,"",21,"2024-04-20 00:00:00","2024-04-20 00:00:00"
451,Koko/Besse,"",21,"2024-04-20 00:00:00","2024-04-20 00:00:00"
452,Maiyama,"",21,"2024-04-20 00:00:00","2024-04-20 00:00:00"
453,Ngaski,"",21,"2024-04-20 00:00:00","2024-04-20 00:00:00"
454,Danko/Wasagu,"",21,"2024-04-20 00:00:00","2024-04-20 00:00:00"
455,Yauri,"",21,"2024-04-20 00:00:00","2024-04-20 00:00:00"
456,Zuru,"",21,"2024-04-20 00:00:00","2024-04-20 00:00:00"
457,Aleiro,"",21,"2024-04-20 00:00:00","2024-04-20 00:00:00"
458,Bagudo,"",21,"2024-04-20 00:00:00","2024-04-20 00:00:00"
459,Birnin Kebbi,"",21,"2024-04-20 00:00:00","2024-04-20 00:00:00"
460,Bunza,"",21,"2024-04-20 00:00:00","2024-04-20 00:00:00"
461,Dekina,"",22,"2024-04-20 00:00:00","2024-04-20 00:00:00"
462,Ibaji,"",22,"2024-04-20 00:00:00","2024-04-20 00:00:00"
463,Idah,"",22,"2024-04-20 00:00:00","2024-04-20 00:00:00"
464,Igalamela-Odolu,"",22,"2024-04-20 00:00:00","2024-04-20 00:00:00"
465,Adavi,"",22,"2024-04-20 00:00:00","2024-04-20 00:00:00"
466,Ajaokuta,"",22,"2024-04-20 00:00:00","2024-04-20 00:00:00"
467,Ankpa,"",22,"2024-04-20 00:00:00","2024-04-20 00:00:00"
468,Bassa,"",22,"2024-04-20 00:00:00","2024-04-20 00:00:00"
469,Ijumu,"",22,"2024-04-20 00:00:00","2024-04-20 00:00:00"
470,Ofu,"",22,"2024-04-20 00:00:00","2024-04-20 00:00:00"
471,Ogori/Magongo,"",22,"2024-04-20 00:00:00","2024-04-20 00:00:00"
472,Okehi,"",22,"2024-04-20 00:00:00","2024-04-20 00:00:00"
473,Okene,"",22,"2024-04-20 00:00:00","2024-04-20 00:00:00"
474,Olamaboro,"",22,"2024-04-20 00:00:00","2024-04-20 00:00:00"
475,Kabba/Bunu,"",22,"2024-04-20 00:00:00","2024-04-20 00:00:00"
476,Koton Karfe,"",22,"2024-04-20 00:00:00","2024-04-20 00:00:00"
477,Lokoja,"",22,"2024-04-20 00:00:00","2024-04-20 00:00:00"
478,Mopa-Muro,"",22,"2024-04-20 00:00:00","2024-04-20 00:00:00"
479,Omala,"",22,"2024-04-20 00:00:00","2024-04-20 00:00:00"
480,Yagba East,"",22,"2024-04-20 00:00:00","2024-04-20 00:00:00"
481,Yagba West,"",22,"2024-04-20 00:00:00","2024-04-20 00:00:00"
482,Ilorin East,"",23,"2024-04-20 00:00:00","2024-04-20 00:00:00"
483,Ilorin South,"",23,"2024-04-20 00:00:00","2024-04-20 00:00:00"
484,Ilorin West,"",23,"2024-04-20 00:00:00","2024-04-20 00:00:00"
485,Ifelodun,"",23,"2024-04-20 00:00:00","2024-04-20 00:00:00"
486,Irepodun,"",23,"2024-04-20 00:00:00","2024-04-20 00:00:00"
487,Isin,"",23,"2024-04-20 00:00:00","2024-04-20 00:00:00"
488,Kaiama,"",23,"2024-04-20 00:00:00","2024-04-20 00:00:00"
489,Moro,"",23,"2024-04-20 00:00:00","2024-04-20 00:00:00"
490,Asa,"",23,"2024-04-20 00:00:00","2024-04-20 00:00:00"
491,Baruten,"",23,"2024-04-20 00:00:00","2024-04-20 00:00:00"
492,Edu,"",23,"2024-04-20 00:00:00","2024-04-20 00:00:00"
493,Ekiti,"",23,"2024-04-20 00:00:00","2024-04-20 00:00:00"
494,Offa,"",23,"2024-04-20 00:00:00","2024-04-20 00:00:00"
495,Oke Ero,"",23,"2024-04-20 00:00:00","2024-04-20 00:00:00"
496,Oyun,"",23,"2024-04-20 00:00:00","2024-04-20 00:00:00"
497,Pategi,"",23,"2024-04-20 00:00:00","2024-04-20 00:00:00"
498,Apapa,"",24,"2024-04-20 00:00:00","2024-04-20 00:00:00"
499,Mushin,"",24,"2024-04-20 00:00:00","2024-04-20 00:00:00"
500,Ojo,"",24,"2024-04-20 00:00:00","2024-04-20 00:00:00"
501,Oshodi –Isolo,"",24,"2024-04-20 00:00:00","2024-04-20 00:00:00"
502,Shomolu,"",24,"2024-04-20 00:00:00","2024-04-20 00:00:00"
503,Surulere,"",24,"2024-04-20 00:00:00","2024-04-20 00:00:00"
504,Badagry,"",24,"2024-04-20 00:00:00","2024-04-20 00:00:00"
505,Epe,"",24,"2024-04-20 00:00:00","2024-04-20 00:00:00"
506,Eti-Osa,"",24,"2024-04-20 00:00:00","2024-04-20 00:00:00"
507,Ibeju-Lekki,"",24,"2024-04-20 00:00:00","2024-04-20 00:00:00"
508,Ifako/Ijaye,"",24,"2024-04-20 00:00:00","2024-04-20 00:00:00"
509,Ikeja,"",24,"2024-04-20 00:00:00","2024-04-20 00:00:00"
510,Agege,"",24,"2024-04-20 00:00:00","2024-04-20 00:00:00"
511,Alimosho Ifelodun,"",24,"2024-04-20 00:00:00","2024-04-20 00:00:00"
512,Alimosho,"",24,"2024-04-20 00:00:00","2024-04-20 00:00:00"
513,Amuwo-Odofin,"",24,"2024-04-20 00:00:00","2024-04-20 00:00:00"
514,Ikorodu,"",24,"2024-04-20 00:00:00","2024-04-20 00:00:00"
515,Kosofe,"",24,"2024-04-20 00:00:00","2024-04-20 00:00:00"
516,Lagos Island,"",24,"2024-04-20 00:00:00","2024-04-20 00:00:00"
517,Lagos Mainland,"",24,"2024-04-20 00:00:00","2024-04-20 00:00:00"
518,Karu,"",25,"2024-04-20 00:00:00","2024-04-20 00:00:00"
519,Nassarawa,"",25,"2024-04-20 00:00:00","2024-04-20 00:00:00"
520,Nassarawa/Eggon,"",25,"2024-04-20 00:00:00","2024-04-20 00:00:00"
521,Obi,"",25,"2024-04-20 00:00:00","2024-04-20 00:00:00"
522,Toto,"",25,"2024-04-20 00:00:00","2024-04-20 00:00:00"
523,Wamba,"",25,"2024-04-20 00:00:00","2024-04-20 00:00:00"
524,Keana,"",25,"2024-04-20 00:00:00","2024-04-20 00:00:00"
525,Keffi,"",25,"2024-04-20 00:00:00","2024-04-20 00:00:00"
526,Kokona,"",25,"2024-04-20 00:00:00","2024-04-20 00:00:00"
527,Akwanga,"",25,"2024-04-20 00:00:00","2024-04-20 00:00:00"
528,Awe,"",25,"2024-04-20 00:00:00","2024-04-20 00:00:00"
529,Doma,"",25,"2024-04-20 00:00:00","2024-04-20 00:00:00"
530,Lafia,"",25,"2024-04-20 00:00:00","2024-04-20 00:00:00"
531,Gurara,"",26,"2024-04-20 00:00:00","2024-04-20 00:00:00"
532,Katcha,"",26,"2024-04-20 00:00:00","2024-04-20 00:00:00"
533,Bosso,"",26,"2024-04-20 00:00:00","2024-04-20 00:00:00"
534,Chanchaga,"",26,"2024-04-20 00:00:00","2024-04-20 00:00:00"
535,Edati,"",26,"2024-04-20 00:00:00","2024-04-20 00:00:00"
536,Gbako,"",26,"2024-04-20 00:00:00","2024-04-20 00:00:00"
537,Bida,"",26,"2024-04-20 00:00:00","2024-04-20 00:00:00"
538,Borgu,"",26,"2024-04-20 00:00:00","2024-04-20 00:00:00"
539,Lapai,"",26,"2024-04-20 00:00:00","2024-04-20 00:00:00"
540,Lavun,"",26,"2024-04-20 00:00:00","2024-04-20 00:00:00"
541,Kontagora,"",26,"2024-04-20 00:00:00","2024-04-20 00:00:00"
542,Agaie,"",26,"2024-04-20 00:00:00","2024-04-20 00:00:00"
543,Agwara,"",26,"2024-04-20 00:00:00","2024-04-20 00:00:00"
544,Rafi,"",26,"2024-04-20 00:00:00","2024-04-20 00:00:00"
545,Magama,"",26,"2024-04-20 00:00:00","2024-04-20 00:00:00"
546,Mariga,"",26,"2024-04-20 00:00:00","2024-04-20 00:00:00"
547,Mashegu,"",26,"2024-04-20 00:00:00","2024-04-20 00:00:00"
548,Mokwa,"",26,"2024-04-20 00:00:00","2024-04-20 00:00:00"
549,Rijau,"",26,"2024-04-20 00:00:00","2024-04-20 00:00:00"
550,Shiroro,"",26,"2024-04-20 00:00:00","2024-04-20 00:00:00"
551,Suleja,"",26,"2024-04-20 00:00:00","2024-04-20 00:00:00"
552,Munya,"",26,"2024-04-20 00:00:00","2024-04-20 00:00:00"
553,Paikoro,"",26,"2024-04-20 00:00:00","2024-04-20 00:00:00"
554,Tafa,"",26,"2024-04-20 00:00:00","2024-04-20 00:00:00"
555,Wushishi,"",26,"2024-04-20 00:00:00","2024-04-20 00:00:00"
556,Ifo,"",27,"2024-04-20 00:00:00","2024-04-20 00:00:00"
557,Ijebu East,"",27,"2024-04-20 00:00:00","2024-04-20 00:00:00"
558,Ijebu North,"",27,"2024-04-20 00:00:00","2024-04-20 00:00:00"
559,Ijebu North East,"",27,"2024-04-20 00:00:00","2024-04-20 00:00:00"
560,Abeokuta North,"",27,"2024-04-20 00:00:00","2024-04-20 00:00:00"
561,Abeokuta South,"",27,"2024-04-20 00:00:00","2024-04-20 00:00:00"
562,Ado-Odo/Ota,"",27,"2024-04-20 00:00:00","2024-04-20 00:00:00"
563,Imeko Afon,"",27,"2024-04-20 00:00:00","2024-04-20 00:00:00"
564,Ipokia,"",27,"2024-04-20 00:00:00","2024-04-20 00:00:00"
565,Obafemi Owode,"",27,"2024-04-20 00:00:00","2024-04-20 00:00:00"
566,Odogbolu,"",27,"2024-04-20 00:00:00","2024-04-20 00:00:00"
567,Sagamu,"",27,"2024-04-20 00:00:00","2024-04-20 00:00:00"
568,Yewa North,"",27,"2024-04-20 00:00:00","2024-04-20 00:00:00"
569,Yewa South,"",27,"2024-04-20 00:00:00","2024-04-20 00:00:00"
570,Ewekoro,"",27,"2024-04-20 00:00:00","2024-04-20 00:00:00"
571,Ijebu Ode,"",27,"2024-04-20 00:00:00","2024-04-20 00:00:00"
572,Ikenne,"",27,"2024-04-20 00:00:00","2024-04-20 00:00:00"
573,Odeda,"",27,"2024-04-20 00:00:00","2024-04-20 00:00:00"
574,Ogun Waterside,"",27,"2024-04-20 00:00:00","2024-04-20 00:00:00"
575,Remo North,"",27,"2024-04-20 00:00:00","2024-04-20 00:00:00"
576,Akoko north,"",28,"2024-04-20 00:00:00","2024-04-20 00:00:00"
577,Akoko north east,"",28,"2024-04-20 00:00:00","2024-04-20 00:00:00"
578,Akoko south east,"",28,"2024-04-20 00:00:00","2024-04-20 00:00:00"
579,Ondo,"",28,"2024-04-20 00:00:00","2024-04-20 00:00:00"
580,Ondo east,"",28,"2024-04-20 00:00:00","2024-04-20 00:00:00"
581,Ose,"",28,"2024-04-20 00:00:00","2024-04-20 00:00:00"
582,Owo,"",28,"2024-04-20 00:00:00","2024-04-20 00:00:00"
583,Akoko south,"",28,"2024-04-20 00:00:00","2024-04-20 00:00:00"
584,Akure north,"",28,"2024-04-20 00:00:00","2024-04-20 00:00:00"
585,Akure,"",28,"2024-04-20 00:00:00","2024-04-20 00:00:00"
586,Idanre,"",28,"2024-04-20 00:00:00","2024-04-20 00:00:00"
587,Irele,"",28,"2024-04-20 00:00:00","2024-04-20 00:00:00"
588,Odigbo,"",28,"2024-04-20 00:00:00","2024-04-20 00:00:00"
589,Okitipupa,"",28,"2024-04-20 00:00:00","2024-04-20 00:00:00"
590,Ifedore,"",28,"2024-04-20 00:00:00","2024-04-20 00:00:00"
591,Ese Odo,"",28,"2024-04-20 00:00:00","2024-04-20 00:00:00"
592,Ilaje,"",28,"2024-04-20 00:00:00","2024-04-20 00:00:00"
593,Ile Oluji/Okeigbo,"",28,"2024-04-20 00:00:00","2024-04-20 00:00:00"
594,Bolawaduro ,"",29,"2024-04-20 00:00:00","2024-04-20 00:00:00"
595,Boripe,"",29,"2024-04-20 00:00:00","2024-04-20 00:00:00"
596,Ede ,"",29,"2024-04-20 00:00:00","2024-04-20 00:00:00"
597,Ede north ,"",29,"2024-04-20 00:00:00","2024-04-20 00:00:00"
598,Atakumosa west ,"",29,"2024-04-20 00:00:00","2024-04-20 00:00:00"
599,Atakumosa east ,"",29,"2024-04-20 00:00:00","2024-04-20 00:00:00"
600,Ayedaade ,"",29,"2024-04-20 00:00:00","2024-04-20 00:00:00"
601,Ayedire ,"",29,"2024-04-20 00:00:00","2024-04-20 00:00:00"
602,Ife south ,"",29,"2024-04-20 00:00:00","2024-04-20 00:00:00"
603,Ife east ,"",29,"2024-04-20 00:00:00","2024-04-20 00:00:00"
604,"Ifedayo, Ifelodun","",29,"2024-04-20 00:00:00","2024-04-20 00:00:00"
605,Ilesha west ,"",29,"2024-04-20 00:00:00","2024-04-20 00:00:00"
606,Egbedore ,"",29,"2024-04-20 00:00:00","2024-04-20 00:00:00"
607,Ejigbo ,"",29,"2024-04-20 00:00:00","2024-04-20 00:00:00"
608,Ife north ,"",29,"2024-04-20 00:00:00","2024-04-20 00:00:00"
609,Ife central ,"",29,"2024-04-20 00:00:00","2024-04-20 00:00:00"
610,Ila- orangun ,"",29,"2024-04-20 00:00:00","2024-04-20 00:00:00"
611,Ilesah east ,"",29,"2024-04-20 00:00:00","2024-04-20 00:00:00"
612,Irepodun ,"",29,"2024-04-20 00:00:00","2024-04-20 00:00:00"
613,ola oluwa ,"",29,"2024-04-20 00:00:00","2024-04-20 00:00:00"
614,olorunda ,"",29,"2024-04-20 00:00:00","2024-04-20 00:00:00"
615,"Oriade, Orolu ","",29,"2024-04-20 00:00:00","2024-04-20 00:00:00"
616,Osogbo .,"",29,"2024-04-20 00:00:00","2024-04-20 00:00:00"
617,Irewole ,"",29,"2024-04-20 00:00:00","2024-04-20 00:00:00"
618,Isokan ,"",29,"2024-04-20 00:00:00","2024-04-20 00:00:00"
619,Iwo ,"",29,"2024-04-20 00:00:00","2024-04-20 00:00:00"
620,Obokun ,"",29,"2024-04-20 00:00:00","2024-04-20 00:00:00"
621,Odo-otin ,"",29,"2024-04-20 00:00:00","2024-04-20 00:00:00"
622,Akinyele Moniya ,"",30,"2024-04-20 00:00:00","2024-04-20 00:00:00"
623,Afijio Jobele ,"",30,"2024-04-20 00:00:00","2024-04-20 00:00:00"
624,Ido ,"",30,"2024-04-20 00:00:00","2024-04-20 00:00:00"
625,Irepo ,"",30,"2024-04-20 00:00:00","2024-04-20 00:00:00"
626,Iseyin ,"",30,"2024-04-20 00:00:00","2024-04-20 00:00:00"
627,Egbeda Egbeda ,"",30,"2024-04-20 00:00:00","2024-04-20 00:00:00"
628,Ibadan North Agodi Gate ,"",30,"2024-04-20 00:00:00","2024-04-20 00:00:00"
629,Ibadan North-East Iwo Road ,"",30,"2024-04-20 00:00:00","2024-04-20 00:00:00"
630,Ibadan North-West ,"",30,"2024-04-20 00:00:00","2024-04-20 00:00:00"
631,Ibadan South-West Ring Road ,"",30,"2024-04-20 00:00:00","2024-04-20 00:00:00"
632,Ibadan South-East Mapo ,"",30,"2024-04-20 00:00:00","2024-04-20 00:00:00"
633,Ibarapa Central ,"",30,"2024-04-20 00:00:00","2024-04-20 00:00:00"
634,Ibarapa East Eruwa ,"",30,"2024-04-20 00:00:00","2024-04-20 00:00:00"
635,Kajola ,"",30,"2024-04-20 00:00:00","2024-04-20 00:00:00"
636,Lagelu ,"",30,"2024-04-20 00:00:00","2024-04-20 00:00:00"
637,Atisbo Tede ,"",30,"2024-04-20 00:00:00","2024-04-20 00:00:00"
638,Saki West ,"",30,"2024-04-20 00:00:00","2024-04-20 00:00:00"
639,Saki East ,"",30,"2024-04-20 00:00:00","2024-04-20 00:00:00"
640,Ogbomosho North ,"",30,"2024-04-20 00:00:00","2024-04-20 00:00:00"
641,Ogbomosho South ,"",30,"2024-04-20 00:00:00","2024-04-20 00:00:00"
642,Oyo West Ojongbodu ,"",30,"2024-04-20 00:00:00","2024-04-20 00:00:00"
643,Atiba Ofa Meta ,"",30,"2024-04-20 00:00:00","2024-04-20 00:00:00"
644,Itesiwaju Otu ,"",30,"2024-04-20 00:00:00","2024-04-20 00:00:00"
645,Iwajowa ,"",30,"2024-04-20 00:00:00","2024-04-20 00:00:00"
646,Surulere ,"",30,"2024-04-20 00:00:00","2024-04-20 00:00:00"
647,Orelope ,"",30,"2024-04-20 00:00:00","2024-04-20 00:00:00"
648,Ori Ire ,"",30,"2024-04-20 00:00:00","2024-04-20 00:00:00"
649,Ibarapa North ,"",30,"2024-04-20 00:00:00","2024-04-20 00:00:00"
650,Olorunsogo ,"",30,"2024-04-20 00:00:00","2024-04-20 00:00:00"
651,Oluyole ,"",30,"2024-04-20 00:00:00","2024-04-20 00:00:00"
652,Ogo Oluwa ,"",30,"2024-04-20 00:00:00","2024-04-20 00:00:00"
653,Oyo East ,"",30,"2024-04-20 00:00:00","2024-04-20 00:00:00"
654,Ona Ara .,"",30,"2024-04-20 00:00:00","2024-04-20 00:00:00"
655,Bokkos ,"",31,"2024-04-20 00:00:00","2024-04-20 00:00:00"
656,Jos East ,"",31,"2024-04-20 00:00:00","2024-04-20 00:00:00"
657,Kanam ,"",31,"2024-04-20 00:00:00","2024-04-20 00:00:00"
658,Barkin Ladi ,"",31,"2024-04-20 00:00:00","2024-04-20 00:00:00"
659,Bassa ,"",31,"2024-04-20 00:00:00","2024-04-20 00:00:00"
660,Kanke ,"",31,"2024-04-20 00:00:00","2024-04-20 00:00:00"
661,Langtang North ,"",31,"2024-04-20 00:00:00","2024-04-20 00:00:00"
662,Jos North ,"",31,"2024-04-20 00:00:00","2024-04-20 00:00:00"
663,Jos South ,"",31,"2024-04-20 00:00:00","2024-04-20 00:00:00"
664,Langtang South ,"",31,"2024-04-20 00:00:00","2024-04-20 00:00:00"
665,Riyom ,"",31,"2024-04-20 00:00:00","2024-04-20 00:00:00"
666,Shendam ,"",31,"2024-04-20 00:00:00","2024-04-20 00:00:00"
667,Wase .,"",31,"2024-04-20 00:00:00","2024-04-20 00:00:00"
668,Mangu ,"",31,"2024-04-20 00:00:00","2024-04-20 00:00:00"
669,Mikang ,"",31,"2024-04-20 00:00:00","2024-04-20 00:00:00"
670,Pankshin ,"",31,"2024-04-20 00:00:00","2024-04-20 00:00:00"
671,Quaan Pan ,"",31,"2024-04-20 00:00:00","2024-04-20 00:00:00"
672,Abua-Odual,"",32,"2024-04-20 00:00:00","2024-04-20 00:00:00"
673,Ahoada East,"",32,"2024-04-20 00:00:00","2024-04-20 00:00:00"
674,Asari-Toru,"",32,"2024-04-20 00:00:00","2024-04-20 00:00:00"
675,Bonny,"",32,"2024-04-20 00:00:00","2024-04-20 00:00:00"
676,Etche,"",32,"2024-04-20 00:00:00","2024-04-20 00:00:00"
677,Gokana,"",32,"2024-04-20 00:00:00","2024-04-20 00:00:00"
678,Ikwerre,"",32,"2024-04-20 00:00:00","2024-04-20 00:00:00"
679,Degema,"",32,"2024-04-20 00:00:00","2024-04-20 00:00:00"
680,Ahoada West,"",32,"2024-04-20 00:00:00","2024-04-20 00:00:00"
681,Akuku-Toru,"",32,"2024-04-20 00:00:00","2024-04-20 00:00:00"
682,Andoni,"",32,"2024-04-20 00:00:00","2024-04-20 00:00:00"
683,Eleme,"",32,"2024-04-20 00:00:00","2024-04-20 00:00:00"
684,Emohua,"",32,"2024-04-20 00:00:00","2024-04-20 00:00:00"
685,Oyigbo,"",32,"2024-04-20 00:00:00","2024-04-20 00:00:00"
686,Khana,"",32,"2024-04-20 00:00:00","2024-04-20 00:00:00"
687,Omumma,"",32,"2024-04-20 00:00:00","2024-04-20 00:00:00"
688,Opobo-Nkoro,"",32,"2024-04-20 00:00:00","2024-04-20 00:00:00"
689,Portharcourt,"",32,"2024-04-20 00:00:00","2024-04-20 00:00:00"
690,Tai,"",32,"2024-04-20 00:00:00","2024-04-20 00:00:00"
691,Obio-Akpor,"",32,"2024-04-20 00:00:00","2024-04-20 00:00:00"
692,Ogba-Egbema-Ndoni,"",32,"2024-04-20 00:00:00","2024-04-20 00:00:00"
693,Ogu-bolo,"",32,"2024-04-20 00:00:00","2024-04-20 00:00:00"
694,Okrika,"",32,"2024-04-20 00:00:00","2024-04-20 00:00:00"
695,Gada,"",33,"2024-04-20 00:00:00","2024-04-20 00:00:00"
696,Isa,"",33,"2024-04-20 00:00:00","2024-04-20 00:00:00"
697,Kebbe,"",33,"2024-04-20 00:00:00","2024-04-20 00:00:00"
698,Kware,"",33,"2024-04-20 00:00:00","2024-04-20 00:00:00"
699,Rabah,"",33,"2024-04-20 00:00:00","2024-04-20 00:00:00"
700,Goronyo,"",33,"2024-04-20 00:00:00","2024-04-20 00:00:00"
701,Gudu,"",33,"2024-04-20 00:00:00","2024-04-20 00:00:00"
702,Gwadabawa,"",33,"2024-04-20 00:00:00","2024-04-20 00:00:00"
703,Illela,"",33,"2024-04-20 00:00:00","2024-04-20 00:00:00"
704,Sabon Birni,"",33,"2024-04-20 00:00:00","2024-04-20 00:00:00"
705,Binji,"",33,"2024-04-20 00:00:00","2024-04-20 00:00:00"
706,Bodinga,"",33,"2024-04-20 00:00:00","2024-04-20 00:00:00"
707,Dange Shuni,"",33,"2024-04-20 00:00:00","2024-04-20 00:00:00"
708,Shagari,"",33,"2024-04-20 00:00:00","2024-04-20 00:00:00"
709,Tureta,"",33,"2024-04-20 00:00:00","2024-04-20 00:00:00"
710,Wamako,"",33,"2024-04-20 00:00:00","2024-04-20 00:00:00"
711,Wurno,"",33,"2024-04-20 00:00:00","2024-04-20 00:00:00"
712,Yabo,"",33,"2024-04-20 00:00:00","2024-04-20 00:00:00"
713,Silame,"",33,"2024-04-20 00:00:00","2024-04-20 00:00:00"
714,Sokoto North,"",33,"2024-04-20 00:00:00","2024-04-20 00:00:00"
715,Sokoto South,"",33,"2024-04-20 00:00:00","2024-04-20 00:00:00"
716,Tambuwal,"",33,"2024-04-20 00:00:00","2024-04-20 00:00:00"
717,Tangaza,"",33,"2024-04-20 00:00:00","2024-04-20 00:00:00"
718,Ardo Kola,"",34,"2024-04-20 00:00:00","2024-04-20 00:00:00"
719,Bali,"",34,"2024-04-20 00:00:00","2024-04-20 00:00:00"
720,Gassol,"",34,"2024-04-20 00:00:00","2024-04-20 00:00:00"
721,Ibi,"",34,"2024-04-20 00:00:00","2024-04-20 00:00:00"
722,Jalingo,"",34,"2024-04-20 00:00:00","2024-04-20 00:00:00"
723,Donga,"",34,"2024-04-20 00:00:00","2024-04-20 00:00:00"
724,Gashaka,"",34,"2024-04-20 00:00:00","2024-04-20 00:00:00"
725,Karim Lamido,"",34,"2024-04-20 00:00:00","2024-04-20 00:00:00"
726,Kurmi,"",34,"2024-04-20 00:00:00","2024-04-20 00:00:00"
727,Wukari,"",34,"2024-04-20 00:00:00","2024-04-20 00:00:00"
728,Yorro,"",34,"2024-04-20 00:00:00","2024-04-20 00:00:00"
729,Zing,"",34,"2024-04-20 00:00:00","2024-04-20 00:00:00"
730,Lau,"",34,"2024-04-20 00:00:00","2024-04-20 00:00:00"
731,Sardauna,"",34,"2024-04-20 00:00:00","2024-04-20 00:00:00"
732,Takum,"",34,"2024-04-20 00:00:00","2024-04-20 00:00:00"
733,Ussa,"",34,"2024-04-20 00:00:00","2024-04-20 00:00:00"
734,Fune,"",35,"2024-04-20 00:00:00","2024-04-20 00:00:00"
735,Jakusko,"",35,"2024-04-20 00:00:00","2024-04-20 00:00:00"
736,Karasuwa,"",35,"2024-04-20 00:00:00","2024-04-20 00:00:00"
737,Machina,"",35,"2024-04-20 00:00:00","2024-04-20 00:00:00"
738,Bade,"",35,"2024-04-20 00:00:00","2024-04-20 00:00:00"
739,Bursari,"",35,"2024-04-20 00:00:00","2024-04-20 00:00:00"
740,Damaturu,"",35,"2024-04-20 00:00:00","2024-04-20 00:00:00"
741,Geidam,"",35,"2024-04-20 00:00:00","2024-04-20 00:00:00"
742,Gujba,"",35,"2024-04-20 00:00:00","2024-04-20 00:00:00"
743,Potiskum,"",35,"2024-04-20 00:00:00","2024-04-20 00:00:00"
744,Tarmuwa,"",35,"2024-04-20 00:00:00","2024-04-20 00:00:00"
745,Gulani,"",35,"2024-04-20 00:00:00","2024-04-20 00:00:00"
746,Fika,"",35,"2024-04-20 00:00:00","2024-04-20 00:00:00"
747,Nangere,"",35,"2024-04-20 00:00:00","2024-04-20 00:00:00"
748,Nguru,"",35,"2024-04-20 00:00:00","2024-04-20 00:00:00"
749,Yunusari,"",35,"2024-04-20 00:00:00","2024-04-20 00:00:00"
750,Yusufari,"",35,"2024-04-20 00:00:00","2024-04-20 00:00:00"
751,Anka,"",36,"2024-04-20 00:00:00","2024-04-20 00:00:00"
752,Bakura,"",36,"2024-04-20 00:00:00","2024-04-20 00:00:00"
753,Birnin Magaji,"",36,"2024-04-20 00:00:00","2024-04-20 00:00:00"
754,Bukkuyum,"",36,"2024-04-20 00:00:00","2024-04-20 00:00:00"
755,Bungudu,"",36,"2024-04-20 00:00:00","2024-04-20 00:00:00"
756,Gummi,"",36,"2024-04-20 00:00:00","2024-04-20 00:00:00"
757,Gusau,"",36,"2024-04-20 00:00:00","2024-04-20 00:00:00"
758,Kaura,"",36,"2024-04-20 00:00:00","2024-04-20 00:00:00"
759,Namoda,"",36,"2024-04-20 00:00:00","2024-04-20 00:00:00"
760,Maradun,"",36,"2024-04-20 00:00:00","2024-04-20 00:00:00"
761,Maru,"",36,"2024-04-20 00:00:00","2024-04-20 00:00:00"
762,Shinkafi,"",36,"2024-04-20 00:00:00","2024-04-20 00:00:00"
763,Talata Mafara,"",36,"2024-04-20 00:00:00","2024-04-20 00:00:00"
764,Tsafe,"",36,"2024-04-20 00:00:00","2024-04-20 00:00:00"
765,Zurmi,"",36,"2024-04-20 00:00:00","2024-04-20 00:00:00"
766,Gwagwalada,"",37,"2024-04-20 00:00:00","2024-04-20 00:00:00"
767,Kuje,"",37,"2024-04-20 00:00:00","2024-04-20 00:00:00"
768,Bwari,"",37,"2024-04-20 00:00:00","2024-04-20 00:00:00"
769,Abaji,"",37,"2024-04-20 00:00:00","2024-04-20 00:00:00"
770,Abuja Municipa,"",37,"2024-04-20 00:00:00","2024-04-20 00:00:00"
771,Kwali,"",37,"2024-04-20 00:00:00","2024-04-20 00:00:00"
